lat,lon,speed (cm/s),direction (deg),acquired,resolution (km),origin
42.55,-124.55,16.1,187.1,9/8/2026 12:00,6,USWC
42.55,-124.49,16.5,194,9/8/2026 12:00,6,USWC
42.6,-124.61,33.5,259.7,9/8/2026 12:00,6,USWC
42.6,-124.55,16.6,237.3,9/8/2026 12:00,6,USWC
42.6,-124.49,6.1,189.5,9/8/2026 12:00,6,USWC
42.66,-124.61,18.1,276.3,9/8/2026 12:00,6,USWC
42.66,-124.55,1,90,9/8/2026 12:00,6,USWC
42.66,-124.49,14.1,81.9,9/8/2026 12:00,6,USWC
42.71,-124.68,15.3,281.3,9/8/2026 12:00,6,USWC
42.71,-124.61,5.4,291.8,9/8/2026 12:00,6,USWC
42.76,-124.86,14.8,298.3,9/8/2026 12:00,6,USWC
42.76,-124.8,13,292.6,9/8/2026 12:00,6,USWC
42.76,-124.74,7.1,278.1,9/8/2026 12:00,6,USWC
42.76,-124.68,1.4,315,9/8/2026 12:00,6,USWC
42.82,-125.3,8.5,315,9/8/2026 12:00,6,USWC
42.82,-124.99,14,270,9/8/2026 12:00,6,USWC
42.82,-124.93,23.4,309.8,9/8/2026 12:00,6,USWC
42.82,-124.86,14.9,312.3,9/8/2026 12:00,6,USWC
42.82,-124.8,15.6,315,9/8/2026 12:00,6,USWC
42.82,-124.74,11.7,301,9/8/2026 12:00,6,USWC
42.82,-124.68,13,292.6,9/8/2026 12:00,6,USWC
42.87,-125.68,9,270,9/8/2026 12:00,6,USWC
42.87,-125.61,13.5,318,9/8/2026 12:00,6,USWC
42.87,-125.36,7.1,278.1,9/8/2026 12:00,6,USWC
42.87,-125.3,7.8,309.8,9/8/2026 12:00,6,USWC
42.87,-125.24,7.8,309.8,9/8/2026 12:00,6,USWC
42.87,-125.18,16.1,299.7,9/8/2026 12:00,6,USWC
42.87,-125.05,33.2,291.2,9/8/2026 12:00,6,USWC
42.87,-124.99,14,270,9/8/2026 12:00,6,USWC
42.87,-124.93,19.4,281.9,9/8/2026 12:00,6,USWC
42.87,-124.86,14.4,303.7,9/8/2026 12:00,6,USWC
42.87,-124.8,12,274.8,9/8/2026 12:00,6,USWC
42.87,-124.74,11.2,259.7,9/8/2026 12:00,6,USWC
42.87,-124.68,11.4,285.3,9/8/2026 12:00,6,USWC
42.87,-124.61,20,267.1,9/8/2026 12:00,6,USWC
42.93,-125.74,10.3,240.9,9/8/2026 12:00,6,USWC
42.93,-125.68,10,275.7,9/8/2026 12:00,6,USWC
42.93,-125.61,10.8,291.8,9/8/2026 12:00,6,USWC
42.93,-125.55,12.2,305,9/8/2026 12:00,6,USWC
42.93,-125.36,9.9,225,9/8/2026 12:00,6,USWC
42.93,-125.3,7.1,278.1,9/8/2026 12:00,6,USWC
42.93,-125.24,19.1,312.9,9/8/2026 12:00,6,USWC
42.93,-125.18,20.6,320.9,9/8/2026 12:00,6,USWC
42.93,-125.11,32.8,301.3,9/8/2026 12:00,6,USWC
42.93,-125.05,17.1,276.7,9/8/2026 12:00,6,USWC
42.93,-124.99,18,289.4,9/8/2026 12:00,6,USWC
42.93,-124.93,21.9,294.2,9/8/2026 12:00,6,USWC
42.93,-124.86,14.9,289.7,9/8/2026 12:00,6,USWC
42.93,-124.8,14.3,282.1,9/8/2026 12:00,6,USWC
42.93,-124.74,12,270,9/8/2026 12:00,6,USWC
42.93,-124.68,9.2,282.5,9/8/2026 12:00,6,USWC
42.93,-124.61,11.7,290,9/8/2026 12:00,6,USWC
42.93,-124.55,8.5,315,9/8/2026 12:00,6,USWC
42.98,-125.68,11,275.2,9/8/2026 12:00,6,USWC
42.98,-125.61,16.1,299.7,9/8/2026 12:00,6,USWC
42.98,-125.55,9.5,288.4,9/8/2026 12:00,6,USWC
42.98,-125.24,8.1,299.7,9/8/2026 12:00,6,USWC
42.98,-125.11,17,298.1,9/8/2026 12:00,6,USWC
42.98,-125.05,16.6,295,9/8/2026 12:00,6,USWC
42.98,-124.99,15.7,296.6,9/8/2026 12:00,6,USWC
42.98,-124.93,21.5,291.8,9/8/2026 12:00,6,USWC
42.98,-124.86,18.7,285.5,9/8/2026 12:00,6,USWC
42.98,-124.8,16,273.6,9/8/2026 12:00,6,USWC
42.98,-124.74,18,273.2,9/8/2026 12:00,6,USWC
42.98,-124.68,12.2,279.5,9/8/2026 12:00,6,USWC
42.98,-124.61,10.8,303.7,9/8/2026 12:00,6,USWC
42.98,-124.55,9.2,12.5,9/8/2026 12:00,6,USWC
43.03,-125.68,21,295.3,9/8/2026 12:00,6,USWC
43.03,-125.61,21.5,297.8,9/8/2026 12:00,6,USWC
43.03,-125.55,22.8,307.9,9/8/2026 12:00,6,USWC
43.03,-125.49,17,315,9/8/2026 12:00,6,USWC
43.03,-125.36,10.6,318.8,9/8/2026 12:00,6,USWC
43.03,-125.3,18.6,323.7,9/8/2026 12:00,6,USWC
43.03,-125.24,18.4,319.4,9/8/2026 12:00,6,USWC
43.03,-125.18,20.6,309.1,9/8/2026 12:00,6,USWC
43.03,-125.11,13,292.6,9/8/2026 12:00,6,USWC
43.03,-125.05,6.1,260.5,9/8/2026 12:00,6,USWC
43.03,-124.99,13.9,291,9/8/2026 12:00,6,USWC
43.03,-124.93,18.7,285.5,9/8/2026 12:00,6,USWC
43.03,-124.86,24.1,274.8,9/8/2026 12:00,6,USWC
43.03,-124.8,27.1,274.2,9/8/2026 12:00,6,USWC
43.03,-124.74,27,270,9/8/2026 12:00,6,USWC
43.03,-124.68,27.2,276.3,9/8/2026 12:00,6,USWC
43.03,-124.61,21.5,291.8,9/8/2026 12:00,6,USWC
43.03,-124.55,13.3,13,9/8/2026 12:00,6,USWC
43.09,-125.68,25.6,308.7,9/8/2026 12:00,6,USWC
43.09,-125.61,26.2,310.4,9/8/2026 12:00,6,USWC
43.09,-125.55,26.2,310.4,9/8/2026 12:00,6,USWC
43.09,-125.49,18.9,302,9/8/2026 12:00,6,USWC
43.09,-125.36,13.4,333.4,9/8/2026 12:00,6,USWC
43.09,-125.3,17,331.9,9/8/2026 12:00,6,USWC
43.09,-125.24,19.4,325.5,9/8/2026 12:00,6,USWC
43.09,-125.18,15.6,309.8,9/8/2026 12:00,6,USWC
43.09,-125.11,12.5,298.6,9/8/2026 12:00,6,USWC
43.09,-125.05,14.3,282.1,9/8/2026 12:00,6,USWC
43.09,-124.99,11.7,250,9/8/2026 12:00,6,USWC
43.09,-124.93,17.1,263.3,9/8/2026 12:00,6,USWC
43.09,-124.86,22.2,262.2,9/8/2026 12:00,6,USWC
43.09,-124.8,28.1,265.9,9/8/2026 12:00,6,USWC
43.09,-124.74,32.1,273.6,9/8/2026 12:00,6,USWC
43.09,-124.68,41.8,281,9/8/2026 12:00,6,USWC
43.09,-124.61,44.6,289.7,9/8/2026 12:00,6,USWC
43.09,-124.55,34.4,305.5,9/8/2026 12:00,6,USWC
43.14,-125.61,22,309.5,9/8/2026 12:00,6,USWC
43.14,-125.55,22,309.5,9/8/2026 12:00,6,USWC
43.14,-125.49,14.4,303.7,9/8/2026 12:00,6,USWC
43.14,-125.36,14.3,335.2,9/8/2026 12:00,6,USWC
43.14,-125.3,21.5,338.2,9/8/2026 12:00,6,USWC
43.14,-125.24,20.1,333.4,9/8/2026 12:00,6,USWC
43.14,-125.18,16.3,312.5,9/8/2026 12:00,6,USWC
43.14,-125.11,14.9,289.7,9/8/2026 12:00,6,USWC
43.14,-125.05,11.4,254.7,9/8/2026 12:00,6,USWC
43.14,-124.99,13,237.5,9/8/2026 12:00,6,USWC
43.14,-124.93,13.9,239.7,9/8/2026 12:00,6,USWC
43.14,-124.86,19.6,284.7,9/8/2026 12:00,6,USWC
43.14,-124.8,33.2,285.7,9/8/2026 12:00,6,USWC
43.14,-124.74,32.3,286.2,9/8/2026 12:00,6,USWC
43.14,-124.68,38.1,283.7,9/8/2026 12:00,6,USWC
43.14,-124.61,46.8,290,9/8/2026 12:00,6,USWC
43.14,-124.55,51,295.6,9/8/2026 12:00,6,USWC
43.2,-125.61,20,323.1,9/8/2026 12:00,6,USWC
43.2,-125.55,19.1,317.1,9/8/2026 12:00,6,USWC
43.2,-125.49,18.4,310.6,9/8/2026 12:00,6,USWC
43.2,-125.36,21.1,328.6,9/8/2026 12:00,6,USWC
43.2,-125.3,17,331.9,9/8/2026 12:00,6,USWC
43.2,-125.24,24.7,328.2,9/8/2026 12:00,6,USWC
43.2,-125.18,17.5,329,9/8/2026 12:00,6,USWC
43.2,-125.11,13.6,306,9/8/2026 12:00,6,USWC
43.2,-125.05,9.8,294,9/8/2026 12:00,6,USWC
43.2,-124.99,9.5,288.4,9/8/2026 12:00,6,USWC
43.2,-124.93,10,306.9,9/8/2026 12:00,6,USWC
43.2,-124.86,17.5,301,9/8/2026 12:00,6,USWC
43.2,-124.8,23.3,301,9/8/2026 12:00,6,USWC
43.2,-124.74,33.2,291.2,9/8/2026 12:00,6,USWC
43.2,-124.68,41.8,286.7,9/8/2026 12:00,6,USWC
43.2,-124.61,49,290.3,9/8/2026 12:00,6,USWC
43.2,-124.55,64.8,289.8,9/8/2026 12:00,6,USWC
43.2,-124.49,94.9,288.4,9/8/2026 12:00,6,USWC
43.25,-125.61,17,319.8,9/8/2026 12:00,6,USWC
43.25,-125.55,17.8,308.2,9/8/2026 12:00,6,USWC
43.25,-125.49,17.7,312.7,9/8/2026 12:00,6,USWC
43.25,-125.43,17.7,317.3,9/8/2026 12:00,6,USWC
43.25,-125.36,18,326.3,9/8/2026 12:00,6,USWC
43.25,-125.3,18.8,334.8,9/8/2026 12:00,6,USWC
43.25,-125.24,21.6,346.6,9/8/2026 12:00,6,USWC
43.25,-125.18,17.1,339.4,9/8/2026 12:00,6,USWC
43.25,-125.11,15.7,333.4,9/8/2026 12:00,6,USWC
43.25,-125.05,11.2,333.4,9/8/2026 12:00,6,USWC
43.25,-124.99,8,0,9/8/2026 12:00,6,USWC
43.25,-124.93,15.1,352.4,9/8/2026 12:00,6,USWC
43.25,-124.86,18.8,334.8,9/8/2026 12:00,6,USWC
43.25,-124.8,21.4,322.6,9/8/2026 12:00,6,USWC
43.25,-124.74,22.6,315,9/8/2026 12:00,6,USWC
43.25,-124.68,29.5,298.3,9/8/2026 12:00,6,USWC
43.25,-124.61,37.2,293.8,9/8/2026 12:00,6,USWC
43.25,-124.55,44.3,295.4,9/8/2026 12:00,6,USWC
43.25,-124.49,59.2,291.8,9/8/2026 12:00,6,USWC
43.3,-125.68,23.3,316.7,9/8/2026 12:00,6,USWC
43.3,-125.61,20,306.9,9/8/2026 12:00,6,USWC
43.3,-125.55,18,303.7,9/8/2026 12:00,6,USWC
43.3,-125.49,18,303.7,9/8/2026 12:00,6,USWC
43.3,-125.43,17.5,329,9/8/2026 12:00,6,USWC
43.3,-125.36,19.2,332.1,9/8/2026 12:00,6,USWC
43.3,-125.3,20.2,339.8,9/8/2026 12:00,6,USWC
43.3,-125.24,20.4,348.7,9/8/2026 12:00,6,USWC
43.3,-125.18,18.1,6.3,9/8/2026 12:00,6,USWC
43.3,-125.11,17.1,6.7,9/8/2026 12:00,6,USWC
43.3,-125.05,11.7,20,9/8/2026 12:00,6,USWC
43.3,-124.99,14.9,19.7,9/8/2026 12:00,6,USWC
43.3,-124.93,15.3,11.3,9/8/2026 12:00,6,USWC
43.3,-124.86,16.8,17.4,9/8/2026 12:00,6,USWC
43.3,-124.8,16,3.6,9/8/2026 12:00,6,USWC
43.3,-124.74,14.3,347.9,9/8/2026 12:00,6,USWC
43.3,-124.68,23,304.4,9/8/2026 12:00,6,USWC
43.3,-124.61,24.4,305,9/8/2026 12:00,6,USWC
43.3,-124.55,25,306.9,9/8/2026 12:00,6,USWC
43.3,-124.49,34.1,301.8,9/8/2026 12:00,6,USWC
43.36,-125.68,20.9,286.7,9/8/2026 12:00,6,USWC
43.36,-125.61,22.4,296.6,9/8/2026 12:00,6,USWC
43.36,-125.55,24.7,301.8,9/8/2026 12:00,6,USWC
43.36,-125.49,17.2,305.5,9/8/2026 12:00,6,USWC
43.36,-125.43,19.2,321.3,9/8/2026 12:00,6,USWC
43.36,-125.36,20.1,333.4,9/8/2026 12:00,6,USWC
43.36,-125.3,21.6,346.6,9/8/2026 12:00,6,USWC
43.36,-125.24,25,2.3,9/8/2026 12:00,6,USWC
43.36,-125.18,21.4,10.8,9/8/2026 12:00,6,USWC
43.36,-125.11,17,40.2,9/8/2026 12:00,6,USWC
43.36,-125.05,18.4,40.6,9/8/2026 12:00,6,USWC
43.36,-124.99,19.8,45,9/8/2026 12:00,6,USWC
43.36,-124.93,19.8,45,9/8/2026 12:00,6,USWC
43.36,-124.86,19.8,45,9/8/2026 12:00,6,USWC
43.36,-124.8,18.4,40.6,9/8/2026 12:00,6,USWC
43.36,-124.74,14.9,19.7,9/8/2026 12:00,6,USWC
43.36,-124.68,13,355.6,9/8/2026 12:00,6,USWC
43.36,-124.61,16.4,322.4,9/8/2026 12:00,6,USWC
43.36,-124.55,17,319.8,9/8/2026 12:00,6,USWC
43.36,-124.49,19.1,317.1,9/8/2026 12:00,6,USWC
43.36,-124.43,18.4,315,9/8/2026 12:00,6,USWC
43.41,-125.61,22.4,296.6,9/8/2026 12:00,6,USWC
43.41,-125.55,18,303.7,9/8/2026 12:00,6,USWC
43.41,-125.49,19.8,310.9,9/8/2026 12:00,6,USWC
43.41,-125.43,24.8,319.9,9/8/2026 12:00,6,USWC
43.41,-125.3,30.1,344.6,9/8/2026 12:00,6,USWC
43.41,-125.24,26.3,8.7,9/8/2026 12:00,6,USWC
43.41,-125.18,25.5,25.6,9/8/2026 12:00,6,USWC
43.41,-125.11,26.9,31.3,9/8/2026 12:00,6,USWC
43.41,-125.05,27.5,33.1,9/8/2026 12:00,6,USWC
43.41,-124.99,25.8,35.5,9/8/2026 12:00,6,USWC
43.41,-124.93,24.1,41.6,9/8/2026 12:00,6,USWC
43.41,-124.86,22.7,48.6,9/8/2026 12:00,6,USWC
43.41,-124.8,21.9,46.8,9/8/2026 12:00,6,USWC
43.41,-124.74,17.2,35.5,9/8/2026 12:00,6,USWC
43.41,-124.68,12.4,14,9/8/2026 12:00,6,USWC
43.41,-124.61,11,354.8,9/8/2026 12:00,6,USWC
43.41,-124.55,12.6,341.6,9/8/2026 12:00,6,USWC
43.41,-124.49,15,323.1,9/8/2026 12:00,6,USWC
43.41,-124.43,17,310.2,9/8/2026 12:00,6,USWC
43.47,-125.68,15.6,315,9/8/2026 12:00,6,USWC
43.47,-125.61,16.6,327.3,9/8/2026 12:00,6,USWC
43.47,-125.55,20.6,320.9,9/8/2026 12:00,6,USWC
43.47,-125.49,22.5,327.7,9/8/2026 12:00,6,USWC
43.47,-125.43,25.1,331.4,9/8/2026 12:00,6,USWC
43.47,-125.36,31.8,331.8,9/8/2026 12:00,6,USWC
43.47,-125.3,33.5,333.4,9/8/2026 12:00,6,USWC
43.47,-125.24,30.4,350.5,9/8/2026 12:00,6,USWC
43.47,-125.18,24.4,19.2,9/8/2026 12:00,6,USWC
43.47,-125.11,29.1,26.6,9/8/2026 12:00,6,USWC
43.47,-125.05,29.2,31,9/8/2026 12:00,6,USWC
43.47,-124.99,28.7,29.2,9/8/2026 12:00,6,USWC
43.47,-124.93,26.1,32.5,9/8/2026 12:00,6,USWC
43.47,-124.86,26.2,40.4,9/8/2026 12:00,6,USWC
43.47,-124.8,22.8,28.8,9/8/2026 12:00,6,USWC
43.47,-124.74,19.2,27.9,9/8/2026 12:00,6,USWC
43.47,-124.68,14.8,28.3,9/8/2026 12:00,6,USWC
43.47,-124.61,11.7,31,9/8/2026 12:00,6,USWC
43.47,-124.55,10.8,21.8,9/8/2026 12:00,6,USWC
43.47,-124.49,13.9,339,9/8/2026 12:00,6,USWC
43.47,-124.43,16.3,317.5,9/8/2026 12:00,6,USWC
43.47,-124.36,22.7,311.4,9/8/2026 12:00,6,USWC
43.52,-125.68,17.5,329,9/8/2026 12:00,6,USWC
43.52,-125.61,20.2,327.1,9/8/2026 12:00,6,USWC
43.52,-125.55,23,325.6,9/8/2026 12:00,6,USWC
43.52,-125.49,24.2,335.6,9/8/2026 12:00,6,USWC
43.52,-125.43,29.2,337.8,9/8/2026 12:00,6,USWC
43.52,-125.36,30.9,335.1,9/8/2026 12:00,6,USWC
43.52,-125.3,27.3,336.3,9/8/2026 12:00,6,USWC
43.52,-125.24,26.5,349.1,9/8/2026 12:00,6,USWC
43.52,-125.18,28,358,9/8/2026 12:00,6,USWC
43.52,-125.11,27.8,30.3,9/8/2026 12:00,6,USWC
43.52,-125.05,24.7,31.8,9/8/2026 12:00,6,USWC
43.52,-124.99,26.3,8.7,9/8/2026 12:00,6,USWC
43.52,-124.93,28.6,12.1,9/8/2026 12:00,6,USWC
43.52,-124.86,25,16.3,9/8/2026 12:00,6,USWC
43.52,-124.8,21.5,27.8,9/8/2026 12:00,6,USWC
43.52,-124.74,20.2,32.9,9/8/2026 12:00,6,USWC
43.52,-124.68,14.1,45,9/8/2026 12:00,6,USWC
43.52,-124.61,14.4,56.3,9/8/2026 12:00,6,USWC
43.52,-124.55,13,57.5,9/8/2026 12:00,6,USWC
43.52,-124.49,12.2,35,9/8/2026 12:00,6,USWC
43.52,-124.43,9.1,6.3,9/8/2026 12:00,6,USWC
43.52,-124.36,13.9,329.7,9/8/2026 12:00,6,USWC
43.52,-124.3,14.4,326.3,9/8/2026 12:00,6,USWC
43.57,-125.68,20.6,330.9,9/8/2026 12:00,6,USWC
43.57,-125.61,19.2,332.1,9/8/2026 12:00,6,USWC
43.57,-125.55,24.7,338.6,9/8/2026 12:00,6,USWC
43.57,-125.49,31.4,337.5,9/8/2026 12:00,6,USWC
43.57,-125.43,28.2,343.5,9/8/2026 12:00,6,USWC
43.57,-125.36,25.5,348.7,9/8/2026 12:00,6,USWC
43.57,-125.3,29.5,331.7,9/8/2026 12:00,6,USWC
43.57,-125.24,37.4,325.9,9/8/2026 12:00,6,USWC
43.57,-125.18,23.2,352.6,9/8/2026 12:00,6,USWC
43.57,-125.11,21.2,19.3,9/8/2026 12:00,6,USWC
43.57,-125.05,25.1,28.6,9/8/2026 12:00,6,USWC
43.57,-124.99,23,2.5,9/8/2026 12:00,6,USWC
43.57,-124.93,24.2,7.1,9/8/2026 12:00,6,USWC
43.57,-124.86,21.8,15.9,9/8/2026 12:00,6,USWC
43.57,-124.8,22.1,18.4,9/8/2026 12:00,6,USWC
43.57,-124.74,17.2,35.5,9/8/2026 12:00,6,USWC
43.57,-124.68,11.7,70,9/8/2026 12:00,6,USWC
43.57,-124.61,14.4,56.3,9/8/2026 12:00,6,USWC
43.57,-124.55,14.9,47.7,9/8/2026 12:00,6,USWC
43.57,-124.49,12.5,28.6,9/8/2026 12:00,6,USWC
43.57,-124.43,12.2,9.5,9/8/2026 12:00,6,USWC
43.57,-124.36,13,355.6,9/8/2026 12:00,6,USWC
43.57,-124.3,11,354.8,9/8/2026 12:00,6,USWC
43.57,-124.24,13.6,342.9,9/8/2026 12:00,6,USWC
43.63,-125.74,30.2,325.8,9/8/2026 12:00,6,USWC
43.63,-125.68,21.1,328.6,9/8/2026 12:00,6,USWC
43.63,-125.61,26,337.4,9/8/2026 12:00,6,USWC
43.63,-125.55,28.5,341.6,9/8/2026 12:00,6,USWC
43.63,-125.49,26,344.4,9/8/2026 12:00,6,USWC
43.63,-125.43,31,345.1,9/8/2026 12:00,6,USWC
43.63,-125.36,24.1,355.2,9/8/2026 12:00,6,USWC
43.63,-125.3,31.4,337.5,9/8/2026 12:00,6,USWC
43.63,-125.24,28.7,330.8,9/8/2026 12:00,6,USWC
43.63,-125.18,22.4,349.7,9/8/2026 12:00,6,USWC
43.63,-125.11,20,0,9/8/2026 12:00,6,USWC
43.63,-125.05,17,45,9/8/2026 12:00,6,USWC
43.63,-124.99,20,0,9/8/2026 12:00,6,USWC
43.63,-124.93,17,356.6,9/8/2026 12:00,6,USWC
43.63,-124.86,18,3.2,9/8/2026 12:00,6,USWC
43.63,-124.8,15.2,23.2,9/8/2026 12:00,6,USWC
43.63,-124.74,14.1,45,9/8/2026 12:00,6,USWC
43.63,-124.68,12.1,65.6,9/8/2026 12:00,6,USWC
43.63,-124.61,10.8,56.3,9/8/2026 12:00,6,USWC
43.63,-124.55,12.7,45,9/8/2026 12:00,6,USWC
43.63,-124.49,12,41.6,9/8/2026 12:00,6,USWC
43.63,-124.43,11.7,20,9/8/2026 12:00,6,USWC
43.63,-124.36,15.5,345.1,9/8/2026 12:00,6,USWC
43.63,-124.3,13.6,342.9,9/8/2026 12:00,6,USWC
43.63,-124.24,9.8,336,9/8/2026 12:00,6,USWC
43.68,-125.8,23.6,323.6,9/8/2026 12:00,6,USWC
43.68,-125.74,39.4,324.3,9/8/2026 12:00,6,USWC
43.68,-125.68,37.1,332.7,9/8/2026 12:00,6,USWC
43.68,-125.61,41.8,339,9/8/2026 12:00,6,USWC
43.68,-125.55,44.6,340.3,9/8/2026 12:00,6,USWC
43.68,-125.49,39.3,345.3,9/8/2026 12:00,6,USWC
43.68,-125.43,33.2,344.3,9/8/2026 12:00,6,USWC
43.68,-125.36,29.6,348.3,9/8/2026 12:00,6,USWC
43.68,-125.3,30.4,342.8,9/8/2026 12:00,6,USWC
43.68,-125.24,26,337.4,9/8/2026 12:00,6,USWC
43.68,-125.18,20,357.1,9/8/2026 12:00,6,USWC
43.68,-125.11,18.4,12.5,9/8/2026 12:00,6,USWC
43.68,-125.05,17.5,31,9/8/2026 12:00,6,USWC
43.68,-124.99,20.1,5.7,9/8/2026 12:00,6,USWC
43.68,-124.93,15,3.8,9/8/2026 12:00,6,USWC
43.68,-124.86,12.4,14,9/8/2026 12:00,6,USWC
43.68,-124.8,11.3,45,9/8/2026 12:00,6,USWC
43.68,-124.74,10,36.9,9/8/2026 12:00,6,USWC
43.68,-124.68,15.3,31.6,9/8/2026 12:00,6,USWC
43.68,-124.61,10,36.9,9/8/2026 12:00,6,USWC
43.68,-124.55,11.4,37.9,9/8/2026 12:00,6,USWC
43.68,-124.49,8.6,35.5,9/8/2026 12:00,6,USWC
43.68,-124.43,10.2,11.3,9/8/2026 12:00,6,USWC
43.68,-124.36,11.2,349.7,9/8/2026 12:00,6,USWC
43.68,-124.3,8.5,339.4,9/8/2026 12:00,6,USWC
43.74,-125.61,53.7,335.8,9/8/2026 12:00,6,USWC
43.74,-125.55,56.3,340.3,9/8/2026 12:00,6,USWC
43.74,-125.49,40.9,338.5,9/8/2026 12:00,6,USWC
43.74,-125.43,37.6,334.8,9/8/2026 12:00,6,USWC
43.74,-125.36,33.2,338.8,9/8/2026 12:00,6,USWC
43.74,-125.3,24.2,321.7,9/8/2026 12:00,6,USWC
43.74,-125.24,29.2,322,9/8/2026 12:00,6,USWC
43.74,-125.18,15.7,333.4,9/8/2026 12:00,6,USWC
43.74,-125.11,16.3,10.6,9/8/2026 12:00,6,USWC
43.74,-125.05,12.8,51.3,9/8/2026 12:00,6,USWC
43.74,-124.99,14.6,15.9,9/8/2026 12:00,6,USWC
43.74,-124.93,17,0,9/8/2026 12:00,6,USWC
43.74,-124.86,13,4.4,9/8/2026 12:00,6,USWC
43.74,-124.8,12.1,24.4,9/8/2026 12:00,6,USWC
43.74,-124.74,16.6,32.7,9/8/2026 12:00,6,USWC
43.74,-124.68,17.2,35.5,9/8/2026 12:00,6,USWC
43.74,-124.61,13.9,30.3,9/8/2026 12:00,6,USWC
43.74,-124.55,13,22.6,9/8/2026 12:00,6,USWC
43.74,-124.49,7.3,15.9,9/8/2026 12:00,6,USWC
43.74,-124.43,11,0,9/8/2026 12:00,6,USWC
43.74,-124.36,9.8,336,9/8/2026 12:00,6,USWC
43.74,-124.3,9.1,276.3,9/8/2026 12:00,6,USWC
43.79,-125.61,56.1,338,9/8/2026 12:00,6,USWC
43.79,-125.55,43,335.2,9/8/2026 12:00,6,USWC
43.79,-125.49,33.3,327.3,9/8/2026 12:00,6,USWC
43.79,-125.43,24.8,313.4,9/8/2026 12:00,6,USWC
43.79,-125.36,24,315,9/8/2026 12:00,6,USWC
43.79,-125.3,15.8,288.4,9/8/2026 12:00,6,USWC
43.79,-125.24,15,273.8,9/8/2026 12:00,6,USWC
43.79,-125.18,5.4,291.8,9/8/2026 12:00,6,USWC
43.79,-125.11,0,90,9/8/2026 12:00,6,USWC
43.79,-125.05,12.8,38.7,9/8/2026 12:00,6,USWC
43.79,-124.99,17.3,10,9/8/2026 12:00,6,USWC
43.79,-124.93,18,3.2,9/8/2026 12:00,6,USWC
43.79,-124.86,16.3,10.6,9/8/2026 12:00,6,USWC
43.79,-124.8,14.9,19.7,9/8/2026 12:00,6,USWC
43.79,-124.74,15.8,34.7,9/8/2026 12:00,6,USWC
43.79,-124.68,16.4,37.6,9/8/2026 12:00,6,USWC
43.79,-124.61,16.6,25,9/8/2026 12:00,6,USWC
43.79,-124.55,14.9,19.7,9/8/2026 12:00,6,USWC
43.79,-124.49,8,0,9/8/2026 12:00,6,USWC
43.79,-124.43,14,0,9/8/2026 12:00,6,USWC
43.79,-124.36,10.8,326.3,9/8/2026 12:00,6,USWC
43.79,-124.3,17,266.6,9/8/2026 12:00,6,USWC
43.84,-125.74,57.3,343.8,9/8/2026 12:00,6,USWC
43.84,-125.68,44.8,336.3,9/8/2026 12:00,6,USWC
43.84,-125.61,37.7,328,9/8/2026 12:00,6,USWC
43.84,-125.55,34.1,328.2,9/8/2026 12:00,6,USWC
43.84,-125.49,26.4,307.3,9/8/2026 12:00,6,USWC
43.84,-125.43,24.2,294.4,9/8/2026 12:00,6,USWC
43.84,-125.36,20.9,253.3,9/8/2026 12:00,6,USWC
43.84,-125.3,20,267.1,9/8/2026 12:00,6,USWC
43.84,-125.24,16.1,277.1,9/8/2026 12:00,6,USWC
43.84,-125.18,12,274.8,9/8/2026 12:00,6,USWC
43.84,-125.11,14.1,351.9,9/8/2026 12:00,6,USWC
43.84,-125.05,14.6,15.9,9/8/2026 12:00,6,USWC
43.84,-124.99,19.1,6,9/8/2026 12:00,6,USWC
43.84,-124.93,18,3.2,9/8/2026 12:00,6,USWC
43.84,-124.86,17,3.4,9/8/2026 12:00,6,USWC
43.84,-124.8,15.5,14.9,9/8/2026 12:00,6,USWC
43.84,-124.74,15.8,34.7,9/8/2026 12:00,6,USWC
43.84,-124.68,18.9,32,9/8/2026 12:00,6,USWC
43.84,-124.61,19.2,27.9,9/8/2026 12:00,6,USWC
43.84,-124.55,15.5,14.9,9/8/2026 12:00,6,USWC
43.84,-124.49,15,356.2,9/8/2026 12:00,6,USWC
43.84,-124.43,14.9,340.3,9/8/2026 12:00,6,USWC
43.84,-124.36,15,306.9,9/8/2026 12:00,6,USWC
43.84,-124.3,31,268.2,9/8/2026 12:00,6,USWC
43.9,-125.86,53.2,354.6,9/8/2026 12:00,6,USWC
43.9,-125.8,64,350.1,9/8/2026 12:00,6,USWC
43.9,-125.74,57.3,343.8,9/8/2026 12:00,6,USWC
43.9,-125.68,50,340.1,9/8/2026 12:00,6,USWC
43.9,-125.61,30.9,330.9,9/8/2026 12:00,6,USWC
43.9,-125.55,24.7,301.8,9/8/2026 12:00,6,USWC
43.9,-125.49,22.6,282.8,9/8/2026 12:00,6,USWC
43.9,-125.43,24,270,9/8/2026 12:00,6,USWC
43.9,-125.36,23.8,247.8,9/8/2026 12:00,6,USWC
43.9,-125.3,21.6,256.6,9/8/2026 12:00,6,USWC
43.9,-125.24,19.9,287.5,9/8/2026 12:00,6,USWC
43.9,-125.18,17.7,312.7,9/8/2026 12:00,6,USWC
43.9,-125.11,20.6,330.9,9/8/2026 12:00,6,USWC
43.9,-125.05,20.4,348.7,9/8/2026 12:00,6,USWC
43.9,-124.99,24,343.1,9/8/2026 12:00,6,USWC
43.9,-124.93,23.8,345.4,9/8/2026 12:00,6,USWC
43.9,-124.86,18.4,347.5,9/8/2026 12:00,6,USWC
43.9,-124.8,15,0,9/8/2026 12:00,6,USWC
43.9,-124.74,17.1,20.6,9/8/2026 12:00,6,USWC
43.9,-124.68,17,28.1,9/8/2026 12:00,6,USWC
43.9,-124.61,19.3,21.3,9/8/2026 12:00,6,USWC
43.9,-124.55,18.4,12.5,9/8/2026 12:00,6,USWC
43.9,-124.49,20,357.1,9/8/2026 12:00,6,USWC
43.9,-124.43,17.7,343.6,9/8/2026 12:00,6,USWC
43.9,-124.36,21.2,289.3,9/8/2026 12:00,6,USWC
43.9,-124.3,41.3,263,9/8/2026 12:00,6,USWC
43.95,-125.86,55.3,353.8,9/8/2026 12:00,6,USWC
43.95,-125.8,45.7,349.9,9/8/2026 12:00,6,USWC
43.95,-125.74,48.7,340.8,9/8/2026 12:00,6,USWC
43.95,-125.68,43.7,339.9,9/8/2026 12:00,6,USWC
43.95,-125.61,24.8,313.4,9/8/2026 12:00,6,USWC
43.95,-125.55,22.2,277.8,9/8/2026 12:00,6,USWC
43.95,-125.49,24,270,9/8/2026 12:00,6,USWC
43.95,-125.43,25.3,260.9,9/8/2026 12:00,6,USWC
43.95,-125.36,24.3,260.5,9/8/2026 12:00,6,USWC
43.95,-125.3,23.1,265,9/8/2026 12:00,6,USWC
43.95,-125.24,24.4,289.2,9/8/2026 12:00,6,USWC
43.95,-125.18,23.4,309.8,9/8/2026 12:00,6,USWC
43.95,-125.11,25.5,315,9/8/2026 12:00,6,USWC
43.95,-125.05,25.2,326.3,9/8/2026 12:00,6,USWC
43.95,-124.99,25.1,331.4,9/8/2026 12:00,6,USWC
43.95,-124.93,22.8,331.2,9/8/2026 12:00,6,USWC
43.95,-124.86,19.9,342.5,9/8/2026 12:00,6,USWC
43.95,-124.8,19.4,348.1,9/8/2026 12:00,6,USWC
43.95,-124.74,14.3,12.1,9/8/2026 12:00,6,USWC
43.95,-124.68,14.3,12.1,9/8/2026 12:00,6,USWC
43.95,-124.61,15,0,9/8/2026 12:00,6,USWC
43.95,-124.55,16.8,342.6,9/8/2026 12:00,6,USWC
43.95,-124.49,21.6,346.6,9/8/2026 12:00,6,USWC
43.95,-124.43,17.2,324.5,9/8/2026 12:00,6,USWC
43.95,-124.36,23.4,290,9/8/2026 12:00,6,USWC
43.95,-124.3,9.5,288.4,9/8/2026 12:00,6,USWC
44,-125.8,41.8,349,9/8/2026 12:00,6,USWC
44,-125.74,42.2,337.7,9/8/2026 12:00,6,USWC
44,-125.68,31.1,317.6,9/8/2026 12:00,6,USWC
44,-125.61,28.4,309.3,9/8/2026 12:00,6,USWC
44,-125.55,21.6,283.4,9/8/2026 12:00,6,USWC
44,-125.49,22.4,259.7,9/8/2026 12:00,6,USWC
44,-125.43,22.1,264.8,9/8/2026 12:00,6,USWC
44,-125.36,23.5,257.7,9/8/2026 12:00,6,USWC
44,-125.3,20,267.1,9/8/2026 12:00,6,USWC
44,-125.24,21.2,289.3,9/8/2026 12:00,6,USWC
44,-125.18,21.5,291.8,9/8/2026 12:00,6,USWC
44,-125.11,25.5,311.8,9/8/2026 12:00,6,USWC
44,-125.05,24.4,305,9/8/2026 12:00,6,USWC
44,-124.99,23.6,306.4,9/8/2026 12:00,6,USWC
44,-124.93,22.5,327.7,9/8/2026 12:00,6,USWC
44,-124.86,19.2,332.1,9/8/2026 12:00,6,USWC
44,-124.8,14.3,347.9,9/8/2026 12:00,6,USWC
44,-124.74,14.3,347.9,9/8/2026 12:00,6,USWC
44,-124.68,8.1,330.3,9/8/2026 12:00,6,USWC
44,-124.61,11.4,344.7,9/8/2026 12:00,6,USWC
44,-124.55,17.7,312.7,9/8/2026 12:00,6,USWC
44,-124.49,19.8,310.9,9/8/2026 12:00,6,USWC
44,-124.43,20.6,320.9,9/8/2026 12:00,6,USWC
44,-124.36,22.5,290.9,9/8/2026 12:00,6,USWC
44.06,-125.74,30.9,335.1,9/8/2026 12:00,6,USWC
44.06,-125.68,28.4,320.7,9/8/2026 12:00,6,USWC
44.06,-125.61,24.7,301.8,9/8/2026 12:00,6,USWC
44.06,-125.55,21.6,283.4,9/8/2026 12:00,6,USWC
44.06,-125.49,19,270,9/8/2026 12:00,6,USWC
44.06,-125.43,18.4,257.5,9/8/2026 12:00,6,USWC
44.06,-125.36,18.2,260.5,9/8/2026 12:00,6,USWC
44.06,-125.3,17,266.6,9/8/2026 12:00,6,USWC
44.06,-125.24,18.4,282.5,9/8/2026 12:00,6,USWC
44.06,-125.18,18.7,285.5,9/8/2026 12:00,6,USWC
44.06,-125.11,21.5,291.8,9/8/2026 12:00,6,USWC
44.06,-125.05,19.2,297.9,9/8/2026 12:00,6,USWC
44.06,-124.99,17.2,305.5,9/8/2026 12:00,6,USWC
44.06,-124.93,12.5,298.6,9/8/2026 12:00,6,USWC
44.06,-124.86,11.4,322.1,9/8/2026 12:00,6,USWC
44.06,-124.8,10.6,311.2,9/8/2026 12:00,6,USWC
44.06,-124.74,7.8,309.8,9/8/2026 12:00,6,USWC
44.06,-124.68,8.5,290.6,9/8/2026 12:00,6,USWC
44.06,-124.61,12,274.8,9/8/2026 12:00,6,USWC
44.06,-124.55,13.3,283,9/8/2026 12:00,6,USWC
44.06,-124.49,12.2,305,9/8/2026 12:00,6,USWC
44.06,-124.43,13,327.5,9/8/2026 12:00,6,USWC
44.06,-124.36,12,318.4,9/8/2026 12:00,6,USWC
44.11,-125.8,16.2,338.2,9/8/2026 12:00,6,USWC
44.11,-125.74,24.2,335.6,9/8/2026 12:00,6,USWC
44.11,-125.68,29.7,327.4,9/8/2026 12:00,6,USWC
44.11,-125.61,21.6,303.7,9/8/2026 12:00,6,USWC
44.11,-125.55,18.1,276.3,9/8/2026 12:00,6,USWC
44.11,-125.49,17.3,280,9/8/2026 12:00,6,USWC
44.11,-125.43,15,270,9/8/2026 12:00,6,USWC
44.11,-125.36,16.1,262.9,9/8/2026 12:00,6,USWC
44.11,-125.3,14.1,261.9,9/8/2026 12:00,6,USWC
44.11,-125.24,14,265.9,9/8/2026 12:00,6,USWC
44.11,-125.18,16.1,277.1,9/8/2026 12:00,6,USWC
44.11,-125.11,15,273.8,9/8/2026 12:00,6,USWC
44.11,-125.05,16,273.6,9/8/2026 12:00,6,USWC
44.11,-124.99,13.3,283,9/8/2026 12:00,6,USWC
44.11,-124.93,11.2,280.3,9/8/2026 12:00,6,USWC
44.11,-124.86,11.2,280.3,9/8/2026 12:00,6,USWC
44.11,-124.8,12.4,284,9/8/2026 12:00,6,USWC
44.11,-124.74,9.2,257.5,9/8/2026 12:00,6,USWC
44.11,-124.68,7,270,9/8/2026 12:00,6,USWC
44.11,-124.61,6.3,251.6,9/8/2026 12:00,6,USWC
44.11,-124.55,5,270,9/8/2026 12:00,6,USWC
44.11,-124.49,10.8,291.8,9/8/2026 12:00,6,USWC
44.11,-124.43,5,306.9,9/8/2026 12:00,6,USWC
44.11,-124.36,5.8,329,9/8/2026 12:00,6,USWC
44.17,-125.74,19.2,308.7,9/8/2026 12:00,6,USWC
44.17,-125.68,25.5,315,9/8/2026 12:00,6,USWC
44.17,-125.61,23.6,306.4,9/8/2026 12:00,6,USWC
44.17,-125.55,17.5,301,9/8/2026 12:00,6,USWC
44.17,-125.49,14.3,294.8,9/8/2026 12:00,6,USWC
44.17,-125.43,12,274.8,9/8/2026 12:00,6,USWC
44.17,-125.36,10,275.7,9/8/2026 12:00,6,USWC
44.17,-125.3,11,275.2,9/8/2026 12:00,6,USWC
44.17,-125.24,9.2,257.5,9/8/2026 12:00,6,USWC
44.17,-125.18,11,264.8,9/8/2026 12:00,6,USWC
44.17,-125.11,10.2,281.3,9/8/2026 12:00,6,USWC
44.17,-125.05,9.2,257.5,9/8/2026 12:00,6,USWC
44.17,-124.99,11.2,243.4,9/8/2026 12:00,6,USWC
44.17,-124.93,9.1,263.7,9/8/2026 12:00,6,USWC
44.17,-124.86,9,270,9/8/2026 12:00,6,USWC
44.17,-124.8,12,270,9/8/2026 12:00,6,USWC
44.17,-124.74,7.1,278.1,9/8/2026 12:00,6,USWC
44.17,-124.68,8.1,262.9,9/8/2026 12:00,6,USWC
44.17,-124.61,3.2,198.4,9/8/2026 12:00,6,USWC
44.17,-124.55,5,270,9/8/2026 12:00,6,USWC
44.17,-124.49,8.1,299.7,9/8/2026 12:00,6,USWC
44.17,-124.43,8.5,315,9/8/2026 12:00,6,USWC
44.17,-124.36,13.9,300.3,9/8/2026 12:00,6,USWC
44.17,-124.3,14.9,289.7,9/8/2026 12:00,6,USWC
44.17,-124.24,4.1,284,9/8/2026 12:00,6,USWC
44.17,-124.18,7.1,261.9,9/8/2026 12:00,6,USWC
44.22,-125.74,16.4,307.6,9/8/2026 12:00,6,USWC
44.22,-125.68,23.3,316.7,9/8/2026 12:00,6,USWC
44.22,-125.61,23.3,313.3,9/8/2026 12:00,6,USWC
44.22,-125.55,15.3,301.6,9/8/2026 12:00,6,USWC
44.22,-125.49,15,306.9,9/8/2026 12:00,6,USWC
44.22,-125.43,12.8,308.7,9/8/2026 12:00,6,USWC
44.22,-125.36,7.8,309.8,9/8/2026 12:00,6,USWC
44.22,-125.3,7.1,261.9,9/8/2026 12:00,6,USWC
44.22,-125.24,5.1,258.7,9/8/2026 12:00,6,USWC
44.22,-125.18,4.1,256,9/8/2026 12:00,6,USWC
44.22,-125.11,2.2,243.4,9/8/2026 12:00,6,USWC
44.22,-125.05,3.6,236.3,9/8/2026 12:00,6,USWC
44.22,-124.99,2.8,135,9/8/2026 12:00,6,USWC
44.22,-124.93,1,180,9/8/2026 12:00,6,USWC
44.22,-124.86,2.8,225,9/8/2026 12:00,6,USWC
44.22,-124.8,5.1,258.7,9/8/2026 12:00,6,USWC
44.22,-124.74,7.1,261.9,9/8/2026 12:00,6,USWC
44.22,-124.68,5,233.1,9/8/2026 12:00,6,USWC
44.22,-124.61,11,270,9/8/2026 12:00,6,USWC
44.22,-124.55,11,275.2,9/8/2026 12:00,6,USWC
44.22,-124.49,12.4,284,9/8/2026 12:00,6,USWC
44.22,-124.43,24.4,289.2,9/8/2026 12:00,6,USWC
44.22,-124.36,24.4,289.2,9/8/2026 12:00,6,USWC
44.22,-124.3,8.2,284,9/8/2026 12:00,6,USWC
44.22,-124.24,10,275.7,9/8/2026 12:00,6,USWC
44.22,-124.18,7.3,254.1,9/8/2026 12:00,6,USWC
44.27,-125.8,14.8,298.3,9/8/2026 12:00,6,USWC
44.27,-125.74,21.3,318.8,9/8/2026 12:00,6,USWC
44.27,-125.68,20.6,320.9,9/8/2026 12:00,6,USWC
44.27,-125.61,21.4,322.6,9/8/2026 12:00,6,USWC
44.27,-125.55,17.8,321.8,9/8/2026 12:00,6,USWC
44.27,-125.49,13.5,312,9/8/2026 12:00,6,USWC
44.27,-125.43,11.7,329,9/8/2026 12:00,6,USWC
44.27,-125.36,9.5,341.6,9/8/2026 12:00,6,USWC
44.27,-125.3,9.2,347.5,9/8/2026 12:00,6,USWC
44.27,-125.24,2.2,333.4,9/8/2026 12:00,6,USWC
44.27,-125.18,3.2,161.6,9/8/2026 12:00,6,USWC
44.27,-125.11,2.2,116.6,9/8/2026 12:00,6,USWC
44.27,-125.05,6.3,108.4,9/8/2026 12:00,6,USWC
44.27,-124.99,9.8,114,9/8/2026 12:00,6,USWC
44.27,-124.93,8.9,116.6,9/8/2026 12:00,6,USWC
44.27,-124.86,10,126.9,9/8/2026 12:00,6,USWC
44.27,-124.8,3.2,198.4,9/8/2026 12:00,6,USWC
44.27,-124.74,6.7,243.4,9/8/2026 12:00,6,USWC
44.27,-124.68,8.9,243.4,9/8/2026 12:00,6,USWC
44.27,-124.61,8.1,240.3,9/8/2026 12:00,6,USWC
44.27,-124.55,13,265.6,9/8/2026 12:00,6,USWC
44.27,-124.49,12.2,279.5,9/8/2026 12:00,6,USWC
44.27,-124.43,22.1,288.4,9/8/2026 12:00,6,USWC
44.27,-124.36,17.1,290.6,9/8/2026 12:00,6,USWC
44.27,-124.3,14.1,278.1,9/8/2026 12:00,6,USWC
44.27,-124.24,7.1,225,9/8/2026 12:00,6,USWC
44.27,-124.18,14.4,236.3,9/8/2026 12:00,6,USWC
44.33,-125.8,12.2,305,9/8/2026 12:00,6,USWC
44.33,-125.74,12.8,321.3,9/8/2026 12:00,6,USWC
44.33,-125.68,18,326.3,9/8/2026 12:00,6,USWC
44.33,-125.61,12.7,315,9/8/2026 12:00,6,USWC
44.33,-125.55,12,318.4,9/8/2026 12:00,6,USWC
44.33,-125.49,9.2,319.4,9/8/2026 12:00,6,USWC
44.33,-125.43,11.7,340,9/8/2026 12:00,6,USWC
44.33,-125.36,4.1,346,9/8/2026 12:00,6,USWC
44.33,-125.3,1.4,315,9/8/2026 12:00,6,USWC
44.33,-125.24,2.2,333.4,9/8/2026 12:00,6,USWC
44.33,-125.18,4.2,135,9/8/2026 12:00,6,USWC
44.33,-125.11,7.8,129.8,9/8/2026 12:00,6,USWC
44.33,-125.05,10.3,119.1,9/8/2026 12:00,6,USWC
44.33,-124.99,18.4,119.4,9/8/2026 12:00,6,USWC
44.33,-124.93,16.1,119.7,9/8/2026 12:00,6,USWC
44.33,-124.86,12.8,128.7,9/8/2026 12:00,6,USWC
44.33,-124.8,6.7,153.4,9/8/2026 12:00,6,USWC
44.33,-124.74,5.8,211,9/8/2026 12:00,6,USWC
44.33,-124.68,8.9,243.4,9/8/2026 12:00,6,USWC
44.33,-124.61,11.2,243.4,9/8/2026 12:00,6,USWC
44.33,-124.55,10.4,253.3,9/8/2026 12:00,6,USWC
44.33,-124.49,11,264.8,9/8/2026 12:00,6,USWC
44.33,-124.43,8.2,284,9/8/2026 12:00,6,USWC
44.33,-124.36,7.1,278.1,9/8/2026 12:00,6,USWC
44.33,-124.3,5.4,201.8,9/8/2026 12:00,6,USWC
44.33,-124.24,10.8,158.2,9/8/2026 12:00,6,USWC
44.33,-124.18,13,212.5,9/8/2026 12:00,6,USWC
44.38,-125.8,12.2,325,9/8/2026 12:00,6,USWC
44.38,-125.74,8.5,315,9/8/2026 12:00,6,USWC
44.38,-125.68,10.3,330.9,9/8/2026 12:00,6,USWC
44.38,-125.61,10,323.1,9/8/2026 12:00,6,USWC
44.38,-125.55,15,356.2,9/8/2026 12:00,6,USWC
44.38,-125.49,9.2,347.5,9/8/2026 12:00,6,USWC
44.38,-125.43,7,270,9/8/2026 12:00,6,USWC
44.38,-125.36,5.1,281.3,9/8/2026 12:00,6,USWC
44.38,-125.3,2,270,9/8/2026 12:00,6,USWC
44.38,-125.24,2.8,315,9/8/2026 12:00,6,USWC
44.38,-125.18,0,90,9/8/2026 12:00,6,USWC
44.38,-125.11,3.6,123.7,9/8/2026 12:00,6,USWC
44.38,-125.05,14.4,123.7,9/8/2026 12:00,6,USWC
44.38,-124.99,16.6,122.7,9/8/2026 12:00,6,USWC
44.38,-124.93,18.6,126.3,9/8/2026 12:00,6,USWC
44.38,-124.86,14.1,135,9/8/2026 12:00,6,USWC
44.38,-124.8,12.2,145,9/8/2026 12:00,6,USWC
44.38,-124.74,8.2,166,9/8/2026 12:00,6,USWC
44.38,-124.68,6.7,206.6,9/8/2026 12:00,6,USWC
44.38,-124.61,7.6,203.2,9/8/2026 12:00,6,USWC
44.38,-124.55,6.4,218.7,9/8/2026 12:00,6,USWC
44.38,-124.49,5,180,9/8/2026 12:00,6,USWC
44.38,-124.43,7.8,140.2,9/8/2026 12:00,6,USWC
44.38,-124.36,11.3,135,9/8/2026 12:00,6,USWC
44.38,-124.3,11.4,142.1,9/8/2026 12:00,6,USWC
44.38,-124.24,17,139.8,9/8/2026 12:00,6,USWC
44.38,-124.18,15.8,161.6,9/8/2026 12:00,6,USWC
44.44,-125.61,12,355.2,9/8/2026 12:00,6,USWC
44.44,-125.55,5,306.9,9/8/2026 12:00,6,USWC
44.44,-125.49,9.4,238,9/8/2026 12:00,6,USWC
44.44,-125.43,8.6,234.5,9/8/2026 12:00,6,USWC
44.44,-125.36,5.7,225,9/8/2026 12:00,6,USWC
44.44,-125.3,4.1,194,9/8/2026 12:00,6,USWC
44.44,-125.24,2,180,9/8/2026 12:00,6,USWC
44.44,-125.18,1.4,225,9/8/2026 12:00,6,USWC
44.44,-125.11,5.8,121,9/8/2026 12:00,6,USWC
44.44,-125.05,7.8,129.8,9/8/2026 12:00,6,USWC
44.44,-124.99,16.3,132.5,9/8/2026 12:00,6,USWC
44.44,-124.93,17,130.2,9/8/2026 12:00,6,USWC
44.44,-124.86,17,135,9/8/2026 12:00,6,USWC
44.44,-124.8,18.4,139.4,9/8/2026 12:00,6,USWC
44.44,-124.74,13,147.5,9/8/2026 12:00,6,USWC
44.44,-124.68,9.8,156,9/8/2026 12:00,6,USWC
44.44,-124.61,7,180,9/8/2026 12:00,6,USWC
44.44,-124.55,5.1,191.3,9/8/2026 12:00,6,USWC
44.44,-124.49,11.4,142.1,9/8/2026 12:00,6,USWC
44.44,-124.43,9.4,148,9/8/2026 12:00,6,USWC
44.44,-124.36,8.9,153.4,9/8/2026 12:00,6,USWC
44.44,-124.3,7.3,164.1,9/8/2026 12:00,6,USWC
44.44,-124.24,16.6,147.3,9/8/2026 12:00,6,USWC
44.44,-124.18,18.4,150.6,9/8/2026 12:00,6,USWC
44.44,-124.11,15,216.9,9/8/2026 12:00,6,USWC
44.49,-125.8,14,4.1,9/8/2026 12:00,6,USWC
44.49,-125.74,9.2,347.5,9/8/2026 12:00,6,USWC
44.49,-125.68,5.1,348.7,9/8/2026 12:00,6,USWC
44.49,-125.61,10.2,191.3,9/8/2026 12:00,6,USWC
44.49,-125.55,8.5,225,9/8/2026 12:00,6,USWC
44.49,-125.49,10,216.9,9/8/2026 12:00,6,USWC
44.49,-125.43,9.8,204,9/8/2026 12:00,6,USWC
44.49,-125.36,7.6,203.2,9/8/2026 12:00,6,USWC
44.49,-125.3,6.3,198.4,9/8/2026 12:00,6,USWC
44.49,-125.24,4.1,256,9/8/2026 12:00,6,USWC
44.49,-125.18,4.1,166,9/8/2026 12:00,6,USWC
44.49,-125.11,5,143.1,9/8/2026 12:00,6,USWC
44.49,-125.05,12.7,135,9/8/2026 12:00,6,USWC
44.49,-124.99,14.9,137.7,9/8/2026 12:00,6,USWC
44.49,-124.93,15.6,140.2,9/8/2026 12:00,6,USWC
44.49,-124.86,19.2,141.3,9/8/2026 12:00,6,USWC
44.49,-124.8,17.2,144.5,9/8/2026 12:00,6,USWC
44.49,-124.74,17.2,144.5,9/8/2026 12:00,6,USWC
44.49,-124.68,12.1,155.6,9/8/2026 12:00,6,USWC
44.49,-124.61,5.7,225,9/8/2026 12:00,6,USWC
44.49,-124.55,5,180,9/8/2026 12:00,6,USWC
44.49,-124.49,4.1,194,9/8/2026 12:00,6,USWC
44.49,-124.43,4.2,225,9/8/2026 12:00,6,USWC
44.49,-124.36,7.3,254.1,9/8/2026 12:00,6,USWC
44.49,-124.3,6.7,243.4,9/8/2026 12:00,6,USWC
44.49,-124.24,10,174.3,9/8/2026 12:00,6,USWC
44.49,-124.18,14.3,155.2,9/8/2026 12:00,6,USWC
44.49,-124.11,12,180,9/8/2026 12:00,6,USWC
44.54,-125.86,20.2,8.5,9/8/2026 12:00,6,USWC
44.54,-125.8,7.3,15.9,9/8/2026 12:00,6,USWC
44.54,-125.68,14.2,219.3,9/8/2026 12:00,6,USWC
44.54,-125.61,12.5,208.6,9/8/2026 12:00,6,USWC
44.54,-125.55,11.2,206.6,9/8/2026 12:00,6,USWC
44.54,-125.49,11.4,195.3,9/8/2026 12:00,6,USWC
44.54,-125.43,11.4,195.3,9/8/2026 12:00,6,USWC
44.54,-125.36,8.9,206.6,9/8/2026 12:00,6,USWC
44.54,-125.3,9,180,9/8/2026 12:00,6,USWC
44.54,-125.24,7,180,9/8/2026 12:00,6,USWC
44.54,-125.18,6,180,9/8/2026 12:00,6,USWC
44.54,-125.11,8.2,166,9/8/2026 12:00,6,USWC
44.54,-125.05,8.1,150.3,9/8/2026 12:00,6,USWC
44.54,-124.99,9.4,148,9/8/2026 12:00,6,USWC
44.54,-124.93,14.4,146.3,9/8/2026 12:00,6,USWC
44.54,-124.86,15.7,153.4,9/8/2026 12:00,6,USWC
44.54,-124.8,17,151.9,9/8/2026 12:00,6,USWC
44.54,-124.74,16.6,155,9/8/2026 12:00,6,USWC
44.54,-124.68,10.2,191.3,9/8/2026 12:00,6,USWC
44.54,-124.61,8.5,200.6,9/8/2026 12:00,6,USWC
44.54,-124.55,7.8,219.8,9/8/2026 12:00,6,USWC
44.54,-124.49,9.2,257.5,9/8/2026 12:00,6,USWC
44.54,-124.43,12,270,9/8/2026 12:00,6,USWC
44.54,-124.36,13,274.4,9/8/2026 12:00,6,USWC
44.54,-124.3,14.1,278.1,9/8/2026 12:00,6,USWC
44.54,-124.24,7.6,203.2,9/8/2026 12:00,6,USWC
44.54,-124.18,19.7,149.5,9/8/2026 12:00,6,USWC
44.54,-124.11,19.7,149.5,9/8/2026 12:00,6,USWC
44.6,-125.8,13.3,13,9/8/2026 12:00,6,USWC
44.6,-125.74,5.8,211,9/8/2026 12:00,6,USWC
44.6,-125.68,11.2,206.6,9/8/2026 12:00,6,USWC
44.6,-125.61,12.6,198.4,9/8/2026 12:00,6,USWC
44.6,-125.55,12.6,198.4,9/8/2026 12:00,6,USWC
44.6,-125.49,13.3,193,9/8/2026 12:00,6,USWC
44.6,-125.43,12,184.8,9/8/2026 12:00,6,USWC
44.6,-125.36,12,184.8,9/8/2026 12:00,6,USWC
44.6,-125.3,9.2,192.5,9/8/2026 12:00,6,USWC
44.6,-125.24,10.2,191.3,9/8/2026 12:00,6,USWC
44.6,-125.18,10,185.7,9/8/2026 12:00,6,USWC
44.6,-125.11,11,180,9/8/2026 12:00,6,USWC
44.6,-125.05,9.1,173.7,9/8/2026 12:00,6,USWC
44.6,-124.99,8.5,200.6,9/8/2026 12:00,6,USWC
44.6,-124.93,12.4,166,9/8/2026 12:00,6,USWC
44.6,-124.86,14.9,160.3,9/8/2026 12:00,6,USWC
44.6,-124.8,18.4,167.5,9/8/2026 12:00,6,USWC
44.6,-124.74,16.1,172.9,9/8/2026 12:00,6,USWC
44.6,-124.68,13.9,201,9/8/2026 12:00,6,USWC
44.6,-124.61,12.2,215,9/8/2026 12:00,6,USWC
44.6,-124.55,12,228.4,9/8/2026 12:00,6,USWC
44.6,-124.49,12.6,251.6,9/8/2026 12:00,6,USWC
44.6,-124.43,16,270,9/8/2026 12:00,6,USWC
44.6,-124.36,16,273.6,9/8/2026 12:00,6,USWC
44.6,-124.3,11.4,285.3,9/8/2026 12:00,6,USWC
44.6,-124.24,10,180,9/8/2026 12:00,6,USWC
44.6,-124.18,15.8,161.6,9/8/2026 12:00,6,USWC
44.6,-124.11,14.6,164.1,9/8/2026 12:00,6,USWC
44.65,-125.8,6.3,198.4,9/8/2026 12:00,6,USWC
44.65,-125.74,8.5,200.6,9/8/2026 12:00,6,USWC
44.65,-125.68,10.8,201.8,9/8/2026 12:00,6,USWC
44.65,-125.61,13.4,206.6,9/8/2026 12:00,6,USWC
44.65,-125.55,13.9,201,9/8/2026 12:00,6,USWC
44.65,-125.49,10.4,196.7,9/8/2026 12:00,6,USWC
44.65,-125.43,15.1,172.4,9/8/2026 12:00,6,USWC
44.65,-125.36,13,175.6,9/8/2026 12:00,6,USWC
44.65,-125.3,14,184.1,9/8/2026 12:00,6,USWC
44.65,-125.24,15,183.8,9/8/2026 12:00,6,USWC
44.65,-125.18,13.6,197.1,9/8/2026 12:00,6,USWC
44.65,-125.11,13,202.6,9/8/2026 12:00,6,USWC
44.65,-125.05,12,221.6,9/8/2026 12:00,6,USWC
44.65,-124.99,13,202.6,9/8/2026 12:00,6,USWC
44.65,-124.93,14.3,192.1,9/8/2026 12:00,6,USWC
44.65,-124.86,14,175.9,9/8/2026 12:00,6,USWC
44.65,-124.8,18.1,173.7,9/8/2026 12:00,6,USWC
44.65,-124.74,17.1,173.3,9/8/2026 12:00,6,USWC
44.65,-124.68,18,199.4,9/8/2026 12:00,6,USWC
44.65,-124.61,16.6,212.7,9/8/2026 12:00,6,USWC
44.65,-124.55,17.7,227.3,9/8/2026 12:00,6,USWC
44.65,-124.49,18.4,240.6,9/8/2026 12:00,6,USWC
44.65,-124.43,20.9,253.3,9/8/2026 12:00,6,USWC
44.65,-124.36,17.1,263.3,9/8/2026 12:00,6,USWC
44.65,-124.3,9.2,282.5,9/8/2026 12:00,6,USWC
44.65,-124.24,3.6,236.3,9/8/2026 12:00,6,USWC
44.65,-124.18,10,180,9/8/2026 12:00,6,USWC
44.65,-124.11,11,174.8,9/8/2026 12:00,6,USWC
44.71,-125.86,14.9,199.7,9/8/2026 12:00,6,USWC
44.71,-125.8,13.2,188.7,9/8/2026 12:00,6,USWC
44.71,-125.74,13,184.4,9/8/2026 12:00,6,USWC
44.71,-125.68,11.7,200,9/8/2026 12:00,6,USWC
44.71,-125.61,10.8,201.8,9/8/2026 12:00,6,USWC
44.71,-125.55,12.2,189.5,9/8/2026 12:00,6,USWC
44.71,-125.49,14,184.1,9/8/2026 12:00,6,USWC
44.71,-125.43,13,175.6,9/8/2026 12:00,6,USWC
44.71,-125.36,16,176.4,9/8/2026 12:00,6,USWC
44.71,-125.3,17,183.4,9/8/2026 12:00,6,USWC
44.71,-125.24,17.1,186.7,9/8/2026 12:00,6,USWC
44.71,-125.18,15.8,198.4,9/8/2026 12:00,6,USWC
44.71,-125.11,14.8,208.3,9/8/2026 12:00,6,USWC
44.71,-125.05,17.2,215.5,9/8/2026 12:00,6,USWC
44.71,-124.99,16.1,209.7,9/8/2026 12:00,6,USWC
44.71,-124.93,17.1,200.6,9/8/2026 12:00,6,USWC
44.71,-124.86,17.1,186.7,9/8/2026 12:00,6,USWC
44.71,-124.8,20,182.9,9/8/2026 12:00,6,USWC
44.71,-124.74,21.1,185.4,9/8/2026 12:00,6,USWC
44.71,-124.68,20.6,202.8,9/8/2026 12:00,6,USWC
44.71,-124.61,20,216.9,9/8/2026 12:00,6,USWC
44.71,-124.55,22,230.5,9/8/2026 12:00,6,USWC
44.71,-124.49,22.8,241.2,9/8/2026 12:00,6,USWC
44.71,-124.43,23.8,247.8,9/8/2026 12:00,6,USWC
44.71,-124.36,21.2,250.7,9/8/2026 12:00,6,USWC
44.71,-124.3,12.5,241.4,9/8/2026 12:00,6,USWC
44.71,-124.24,3.6,213.7,9/8/2026 12:00,6,USWC
44.71,-124.18,6.1,189.5,9/8/2026 12:00,6,USWC
44.71,-124.11,9,180,9/8/2026 12:00,6,USWC
44.76,-125.92,19,183,9/8/2026 12:00,6,USWC
44.76,-125.86,20.1,185.7,9/8/2026 12:00,6,USWC
44.76,-125.8,16.3,190.6,9/8/2026 12:00,6,USWC
44.76,-125.74,16.1,187.1,9/8/2026 12:00,6,USWC
44.76,-125.68,13,212.5,9/8/2026 12:00,6,USWC
44.76,-125.61,14.6,195.9,9/8/2026 12:00,6,USWC
44.76,-125.55,14.6,195.9,9/8/2026 12:00,6,USWC
44.76,-125.49,15,183.8,9/8/2026 12:00,6,USWC
44.76,-125.43,13.2,188.7,9/8/2026 12:00,6,USWC
44.76,-125.36,19,180,9/8/2026 12:00,6,USWC
44.76,-125.3,20,180,9/8/2026 12:00,6,USWC
44.76,-125.24,18.4,192.5,9/8/2026 12:00,6,USWC
44.76,-125.18,17.9,206.6,9/8/2026 12:00,6,USWC
44.76,-125.11,17,225,9/8/2026 12:00,6,USWC
44.76,-125.05,19.4,214.5,9/8/2026 12:00,6,USWC
44.76,-124.99,19.7,210.5,9/8/2026 12:00,6,USWC
44.76,-124.93,20.2,212.9,9/8/2026 12:00,6,USWC
44.76,-124.86,19.3,201.3,9/8/2026 12:00,6,USWC
44.76,-124.8,19.6,194.7,9/8/2026 12:00,6,USWC
44.76,-124.74,20.2,200.2,9/8/2026 12:00,6,USWC
44.76,-124.68,22,210.1,9/8/2026 12:00,6,USWC
44.76,-124.61,21.3,221.2,9/8/2026 12:00,6,USWC
44.76,-124.55,24.1,228.4,9/8/2026 12:00,6,USWC
44.76,-124.49,28,235.2,9/8/2026 12:00,6,USWC
44.76,-124.43,29.7,237.4,9/8/2026 12:00,6,USWC
44.76,-124.36,29.2,239,9/8/2026 12:00,6,USWC
44.76,-124.3,24.2,231.7,9/8/2026 12:00,6,USWC
44.76,-124.24,16.3,222.5,9/8/2026 12:00,6,USWC
44.76,-124.18,11.2,206.6,9/8/2026 12:00,6,USWC
44.76,-124.11,5.1,168.7,9/8/2026 12:00,6,USWC
44.81,-125.92,21.1,185.4,9/8/2026 12:00,6,USWC
44.81,-125.86,22,182.6,9/8/2026 12:00,6,USWC
44.81,-125.8,25,177.7,9/8/2026 12:00,6,USWC
44.81,-125.74,18.4,192.5,9/8/2026 12:00,6,USWC
44.81,-125.68,17.5,193.2,9/8/2026 12:00,6,USWC
44.81,-125.61,16.1,209.7,9/8/2026 12:00,6,USWC
44.81,-125.55,19.4,191.9,9/8/2026 12:00,6,USWC
44.81,-125.49,19.7,204,9/8/2026 12:00,6,USWC
44.81,-125.43,20.6,194,9/8/2026 12:00,6,USWC
44.81,-125.36,20.2,188.5,9/8/2026 12:00,6,USWC
44.81,-125.3,19.4,191.9,9/8/2026 12:00,6,USWC
44.81,-125.24,19.6,194.7,9/8/2026 12:00,6,USWC
44.81,-125.18,18.4,209.4,9/8/2026 12:00,6,USWC
44.81,-125.11,19.7,210.5,9/8/2026 12:00,6,USWC
44.81,-125.05,21.1,211.4,9/8/2026 12:00,6,USWC
44.81,-124.99,23.9,213,9/8/2026 12:00,6,USWC
44.81,-124.93,23.9,213,9/8/2026 12:00,6,USWC
44.81,-124.86,22.8,208.8,9/8/2026 12:00,6,USWC
44.81,-124.8,22.8,203.2,9/8/2026 12:00,6,USWC
44.81,-124.74,23.7,207.6,9/8/2026 12:00,6,USWC
44.81,-124.68,25.2,213.7,9/8/2026 12:00,6,USWC
44.81,-124.61,24.2,218.3,9/8/2026 12:00,6,USWC
44.81,-124.55,25.5,221.8,9/8/2026 12:00,6,USWC
44.81,-124.49,28.4,230.7,9/8/2026 12:00,6,USWC
44.81,-124.43,30,233.1,9/8/2026 12:00,6,USWC
44.81,-124.36,31.1,236.8,9/8/2026 12:00,6,USWC
44.81,-124.3,28.3,238,9/8/2026 12:00,6,USWC
44.81,-124.24,25.6,231.3,9/8/2026 12:00,6,USWC
44.81,-124.18,19.8,229.1,9/8/2026 12:00,6,USWC
44.81,-124.11,15.3,211.6,9/8/2026 12:00,6,USWC
44.87,-125.99,20.1,185.7,9/8/2026 12:00,6,USWC
44.87,-125.92,19.1,186,9/8/2026 12:00,6,USWC
44.87,-125.86,23,177.5,9/8/2026 12:00,6,USWC
44.87,-125.8,18.4,192.5,9/8/2026 12:00,6,USWC
44.87,-125.74,17.7,196.4,9/8/2026 12:00,6,USWC
44.87,-125.68,19.4,191.9,9/8/2026 12:00,6,USWC
44.87,-125.61,17.2,215.5,9/8/2026 12:00,6,USWC
44.87,-125.55,24.7,194,9/8/2026 12:00,6,USWC
44.87,-125.49,24.7,201.4,9/8/2026 12:00,6,USWC
44.87,-125.43,23.3,205.5,9/8/2026 12:00,6,USWC
44.87,-125.36,23.8,194.6,9/8/2026 12:00,6,USWC
44.87,-125.3,20.9,196.7,9/8/2026 12:00,6,USWC
44.87,-125.24,22.2,187.8,9/8/2026 12:00,6,USWC
44.87,-125.18,21.5,201.8,9/8/2026 12:00,6,USWC
44.87,-125.11,21,205.3,9/8/2026 12:00,6,USWC
44.87,-125.05,23.7,207.6,9/8/2026 12:00,6,USWC
44.87,-124.99,25.1,208.6,9/8/2026 12:00,6,USWC
44.87,-124.93,25.9,207.6,9/8/2026 12:00,6,USWC
44.87,-124.86,24.7,211.8,9/8/2026 12:00,6,USWC
44.87,-124.8,24.4,215,9/8/2026 12:00,6,USWC
44.87,-124.74,25.2,213.7,9/8/2026 12:00,6,USWC
44.87,-124.68,25.2,213.7,9/8/2026 12:00,6,USWC
44.87,-124.61,25.8,215.5,9/8/2026 12:00,6,USWC
44.87,-124.55,25.8,215.5,9/8/2026 12:00,6,USWC
44.87,-124.49,26.9,222,9/8/2026 12:00,6,USWC
44.87,-124.43,28.3,227.9,9/8/2026 12:00,6,USWC
44.87,-124.36,29.4,234.7,9/8/2026 12:00,6,USWC
44.87,-124.3,28.2,242.5,9/8/2026 12:00,6,USWC
44.87,-124.24,27.3,241.6,9/8/2026 12:00,6,USWC
44.87,-124.18,30.9,245.1,9/8/2026 12:00,6,USWC
44.87,-124.11,33.2,248.8,9/8/2026 12:00,6,USWC
44.92,-125.99,18,180,9/8/2026 12:00,6,USWC
44.92,-125.92,14.6,195.9,9/8/2026 12:00,6,USWC
44.92,-125.86,16.3,190.6,9/8/2026 12:00,6,USWC
44.92,-125.8,26,177.8,9/8/2026 12:00,6,USWC
44.92,-125.74,21,182.7,9/8/2026 12:00,6,USWC
44.92,-125.68,17.7,196.4,9/8/2026 12:00,6,USWC
44.92,-125.61,18.4,209.4,9/8/2026 12:00,6,USWC
44.92,-125.55,22.1,198.4,9/8/2026 12:00,6,USWC
44.92,-125.49,24.2,204.4,9/8/2026 12:00,6,USWC
44.92,-125.43,22.5,200.9,9/8/2026 12:00,6,USWC
44.92,-125.36,25,196.3,9/8/2026 12:00,6,USWC
44.92,-125.3,25.3,189.1,9/8/2026 12:00,6,USWC
44.92,-125.24,25.7,193.5,9/8/2026 12:00,6,USWC
44.92,-125.18,26.2,197.7,9/8/2026 12:00,6,USWC
44.92,-125.11,26,202.6,9/8/2026 12:00,6,USWC
44.92,-125.05,26.4,204.6,9/8/2026 12:00,6,USWC
44.92,-124.99,26.4,204.6,9/8/2026 12:00,6,USWC
44.92,-124.93,25.5,205.6,9/8/2026 12:00,6,USWC
44.92,-124.86,25.1,208.6,9/8/2026 12:00,6,USWC
44.92,-124.8,24.2,209.7,9/8/2026 12:00,6,USWC
44.92,-124.74,24.2,218.3,9/8/2026 12:00,6,USWC
44.92,-124.68,24.2,218.3,9/8/2026 12:00,6,USWC
44.92,-124.61,25,216.9,9/8/2026 12:00,6,USWC
44.92,-124.55,26.6,214.3,9/8/2026 12:00,6,USWC
44.92,-124.49,27,219,9/8/2026 12:00,6,USWC
44.92,-124.43,24.8,223.4,9/8/2026 12:00,6,USWC
44.92,-124.36,23.4,230.2,9/8/2026 12:00,6,USWC
44.92,-124.3,23.7,242.4,9/8/2026 12:00,6,USWC
44.92,-124.24,26.6,250.2,9/8/2026 12:00,6,USWC
44.92,-124.18,34.2,254.7,9/8/2026 12:00,6,USWC
44.92,-124.11,44.1,256.9,9/8/2026 12:00,6,USWC
44.98,-125.86,13.3,193,9/8/2026 12:00,6,USWC
44.98,-125.8,15.3,191.3,9/8/2026 12:00,6,USWC
44.98,-125.74,11.7,211,9/8/2026 12:00,6,USWC
44.98,-125.68,15.5,194.9,9/8/2026 12:00,6,USWC
44.98,-125.61,18.7,195.5,9/8/2026 12:00,6,USWC
44.98,-125.55,19.4,191.9,9/8/2026 12:00,6,USWC
44.98,-125.49,19.6,194.7,9/8/2026 12:00,6,USWC
44.98,-125.43,22.6,192.8,9/8/2026 12:00,6,USWC
44.98,-125.36,26.3,188.7,9/8/2026 12:00,6,USWC
44.98,-125.3,26.7,193,9/8/2026 12:00,6,USWC
44.98,-125.24,30.1,195.4,9/8/2026 12:00,6,USWC
44.98,-125.18,31.6,198.4,9/8/2026 12:00,6,USWC
44.98,-125.11,29.5,204,9/8/2026 12:00,6,USWC
44.98,-125.05,27.7,205.6,9/8/2026 12:00,6,USWC
44.98,-124.99,26.8,206.6,9/8/2026 12:00,6,USWC
44.98,-124.93,23.8,202.2,9/8/2026 12:00,6,USWC
44.98,-124.86,22.8,208.8,9/8/2026 12:00,6,USWC
44.98,-124.8,21.1,211.4,9/8/2026 12:00,6,USWC
44.98,-124.74,20.6,219.1,9/8/2026 12:00,6,USWC
44.98,-124.68,21.9,223.2,9/8/2026 12:00,6,USWC
44.98,-124.61,23.6,216.4,9/8/2026 12:00,6,USWC
44.98,-124.55,24.7,211.8,9/8/2026 12:00,6,USWC
44.98,-124.49,23.6,216.4,9/8/2026 12:00,6,USWC
44.98,-124.43,21.3,221.2,9/8/2026 12:00,6,USWC
44.98,-124.36,19.4,235.5,9/8/2026 12:00,6,USWC
44.98,-124.3,17.9,243.4,9/8/2026 12:00,6,USWC
44.98,-124.24,24.7,256,9/8/2026 12:00,6,USWC
44.98,-124.18,40.1,265.7,9/8/2026 12:00,6,USWC
44.98,-124.11,58,268,9/8/2026 12:00,6,USWC
45.03,-125.86,13.2,188.7,9/8/2026 12:00,6,USWC
45.03,-125.8,6.4,231.3,9/8/2026 12:00,6,USWC
45.03,-125.74,9.8,204,9/8/2026 12:00,6,USWC
45.03,-125.68,12.6,198.4,9/8/2026 12:00,6,USWC
45.03,-125.61,13,202.6,9/8/2026 12:00,6,USWC
45.03,-125.55,17.3,190,9/8/2026 12:00,6,USWC
45.03,-125.49,19.1,186,9/8/2026 12:00,6,USWC
45.03,-125.43,19.2,189,9/8/2026 12:00,6,USWC
45.03,-125.36,22.6,192.8,9/8/2026 12:00,6,USWC
45.03,-125.3,26.7,193,9/8/2026 12:00,6,USWC
45.03,-125.24,29.7,199.7,9/8/2026 12:00,6,USWC
45.03,-125.18,30.5,203.2,9/8/2026 12:00,6,USWC
45.03,-125.11,28.6,204.8,9/8/2026 12:00,6,USWC
45.03,-125.05,28.2,202.9,9/8/2026 12:00,6,USWC
45.03,-124.99,24.6,206.6,9/8/2026 12:00,6,USWC
45.03,-124.93,22.8,203.2,9/8/2026 12:00,6,USWC
45.03,-124.86,20.2,212.9,9/8/2026 12:00,6,USWC
45.03,-124.8,19.8,220.9,9/8/2026 12:00,6,USWC
45.03,-124.74,19.8,225,9/8/2026 12:00,6,USWC
45.03,-124.68,19.8,225,9/8/2026 12:00,6,USWC
45.03,-124.61,20.5,227,9/8/2026 12:00,6,USWC
45.03,-124.55,24.2,218.3,9/8/2026 12:00,6,USWC
45.03,-124.49,22.8,217.9,9/8/2026 12:00,6,USWC
45.03,-124.43,17.8,218.2,9/8/2026 12:00,6,USWC
45.03,-124.36,13.5,222,9/8/2026 12:00,6,USWC
45.03,-124.3,15.8,251.6,9/8/2026 12:00,6,USWC
45.03,-124.24,26.1,265.6,9/8/2026 12:00,6,USWC
45.03,-124.18,40,270,9/8/2026 12:00,6,USWC
45.03,-124.11,60,271.9,9/8/2026 12:00,6,USWC
45.08,-125.8,7.1,278.1,9/8/2026 12:00,6,USWC
45.08,-125.74,7.6,293.2,9/8/2026 12:00,6,USWC
45.08,-125.68,12.2,189.5,9/8/2026 12:00,6,USWC
45.08,-125.61,11.4,195.3,9/8/2026 12:00,6,USWC
45.08,-125.55,16,183.6,9/8/2026 12:00,6,USWC
45.08,-125.49,18,183.2,9/8/2026 12:00,6,USWC
45.08,-125.43,21,182.7,9/8/2026 12:00,6,USWC
45.08,-125.36,20.6,194,9/8/2026 12:00,6,USWC
45.08,-125.3,24,196.9,9/8/2026 12:00,6,USWC
45.08,-125.24,25.6,200.6,9/8/2026 12:00,6,USWC
45.08,-125.18,26.6,199.8,9/8/2026 12:00,6,USWC
45.08,-125.11,24.4,199.2,9/8/2026 12:00,6,USWC
45.08,-125.05,20.9,196.7,9/8/2026 12:00,6,USWC
45.08,-124.99,20.6,202.8,9/8/2026 12:00,6,USWC
45.08,-124.93,18.6,216.3,9/8/2026 12:00,6,USWC
45.08,-124.86,17.2,215.5,9/8/2026 12:00,6,USWC
45.08,-124.8,17.2,215.5,9/8/2026 12:00,6,USWC
45.08,-124.74,18.4,220.6,9/8/2026 12:00,6,USWC
45.08,-124.68,19.2,218.7,9/8/2026 12:00,6,USWC
45.08,-124.61,20,216.9,9/8/2026 12:00,6,USWC
45.08,-124.55,19.7,210.5,9/8/2026 12:00,6,USWC
45.08,-124.49,19.7,204,9/8/2026 12:00,6,USWC
45.08,-124.43,16.6,205,9/8/2026 12:00,6,USWC
45.08,-124.36,12.2,215,9/8/2026 12:00,6,USWC
45.08,-124.3,13,247.4,9/8/2026 12:00,6,USWC
45.08,-124.24,24,267.6,9/8/2026 12:00,6,USWC
45.08,-124.18,29,272,9/8/2026 12:00,6,USWC
45.08,-124.11,27,267.9,9/8/2026 12:00,6,USWC
45.14,-125.8,5.1,281.3,9/8/2026 12:00,6,USWC
45.14,-125.74,4,270,9/8/2026 12:00,6,USWC
45.14,-125.68,3.2,288.4,9/8/2026 12:00,6,USWC
45.14,-125.61,3.6,213.7,9/8/2026 12:00,6,USWC
45.14,-125.55,12,175.2,9/8/2026 12:00,6,USWC
45.14,-125.49,13,180,9/8/2026 12:00,6,USWC
45.14,-125.43,19,180,9/8/2026 12:00,6,USWC
45.14,-125.36,20,182.9,9/8/2026 12:00,6,USWC
45.14,-125.3,21.1,185.4,9/8/2026 12:00,6,USWC
45.14,-125.24,21.2,199.3,9/8/2026 12:00,6,USWC
45.14,-125.18,20.6,194,9/8/2026 12:00,6,USWC
45.14,-125.11,20.9,196.7,9/8/2026 12:00,6,USWC
45.14,-125.05,19.6,194.7,9/8/2026 12:00,6,USWC
45.14,-124.99,19.9,197.5,9/8/2026 12:00,6,USWC
45.14,-124.93,16.4,217.6,9/8/2026 12:00,6,USWC
45.14,-124.86,14.9,222.3,9/8/2026 12:00,6,USWC
45.14,-124.8,14.2,219.3,9/8/2026 12:00,6,USWC
45.14,-124.74,15,216.9,9/8/2026 12:00,6,USWC
45.14,-124.68,15.8,214.7,9/8/2026 12:00,6,USWC
45.14,-124.61,16.6,212.7,9/8/2026 12:00,6,USWC
45.14,-124.55,18.7,195.5,9/8/2026 12:00,6,USWC
45.14,-124.49,18.4,192.5,9/8/2026 12:00,6,USWC
45.14,-124.43,17.3,190,9/8/2026 12:00,6,USWC
45.14,-124.36,13.4,206.6,9/8/2026 12:00,6,USWC
45.14,-124.3,12.8,231.3,9/8/2026 12:00,6,USWC
45.14,-124.24,14.3,245.2,9/8/2026 12:00,6,USWC
45.14,-124.18,13,247.4,9/8/2026 12:00,6,USWC
45.14,-124.11,6,180,9/8/2026 12:00,6,USWC
45.19,-125.74,2.2,206.6,9/8/2026 12:00,6,USWC
45.19,-125.68,1.4,225,9/8/2026 12:00,6,USWC
45.19,-125.61,0,90,9/8/2026 12:00,6,USWC
45.19,-125.55,6.7,153.4,9/8/2026 12:00,6,USWC
45.19,-125.49,7.3,164.1,9/8/2026 12:00,6,USWC
45.19,-125.43,14.1,171.9,9/8/2026 12:00,6,USWC
45.19,-125.36,19,177,9/8/2026 12:00,6,USWC
45.19,-125.3,16.1,187.1,9/8/2026 12:00,6,USWC
45.19,-125.24,20.2,188.5,9/8/2026 12:00,6,USWC
45.19,-125.18,18.4,202.4,9/8/2026 12:00,6,USWC
45.19,-125.11,17.7,196.4,9/8/2026 12:00,6,USWC
45.19,-125.05,20.6,202.8,9/8/2026 12:00,6,USWC
45.19,-124.99,21.5,207.8,9/8/2026 12:00,6,USWC
45.19,-124.93,18,213.7,9/8/2026 12:00,6,USWC
45.19,-124.86,17.8,218.2,9/8/2026 12:00,6,USWC
45.19,-124.8,15.8,214.7,9/8/2026 12:00,6,USWC
45.19,-124.74,13.6,216,9/8/2026 12:00,6,USWC
45.19,-124.68,13,212.5,9/8/2026 12:00,6,USWC
45.19,-124.61,14.8,208.3,9/8/2026 12:00,6,USWC
45.19,-124.55,15.8,198.4,9/8/2026 12:00,6,USWC
45.19,-124.49,18.1,186.3,9/8/2026 12:00,6,USWC
45.19,-124.43,18,180,9/8/2026 12:00,6,USWC
45.19,-124.36,17.1,186.7,9/8/2026 12:00,6,USWC
45.19,-124.3,14.4,213.7,9/8/2026 12:00,6,USWC
45.19,-124.24,16.4,232.4,9/8/2026 12:00,6,USWC
45.19,-124.18,18.7,254.5,9/8/2026 12:00,6,USWC
45.19,-124.11,10.2,258.7,9/8/2026 12:00,6,USWC
45.25,-125.55,13.6,144,9/8/2026 12:00,6,USWC
45.25,-125.49,14.4,146.3,9/8/2026 12:00,6,USWC
45.25,-125.43,12.5,151.4,9/8/2026 12:00,6,USWC
45.25,-125.36,10.4,163.3,9/8/2026 12:00,6,USWC
45.25,-125.3,15.1,172.4,9/8/2026 12:00,6,USWC
45.25,-125.24,13.3,193,9/8/2026 12:00,6,USWC
45.25,-125.18,17.5,203.6,9/8/2026 12:00,6,USWC
45.25,-125.11,19.7,204,9/8/2026 12:00,6,USWC
45.25,-125.05,21.5,207.8,9/8/2026 12:00,6,USWC
45.25,-124.99,22.2,215.8,9/8/2026 12:00,6,USWC
45.25,-124.93,22,219.5,9/8/2026 12:00,6,USWC
45.25,-124.86,19.1,222.9,9/8/2026 12:00,6,USWC
45.25,-124.8,17.5,211,9/8/2026 12:00,6,USWC
45.25,-124.74,14.4,236.3,9/8/2026 12:00,6,USWC
45.25,-124.68,13,212.5,9/8/2026 12:00,6,USWC
45.25,-124.61,12.5,208.6,9/8/2026 12:00,6,USWC
45.25,-124.55,14.3,204.8,9/8/2026 12:00,6,USWC
45.25,-124.49,19,183,9/8/2026 12:00,6,USWC
45.25,-124.43,20,177.1,9/8/2026 12:00,6,USWC
45.25,-124.36,20,180,9/8/2026 12:00,6,USWC
45.25,-124.3,19.1,186,9/8/2026 12:00,6,USWC
45.25,-124.24,15.8,214.7,9/8/2026 12:00,6,USWC
45.25,-124.18,20.6,256,9/8/2026 12:00,6,USWC
45.25,-124.11,27.1,274.2,9/8/2026 12:00,6,USWC
45.25,-124.05,33.7,282,9/8/2026 12:00,6,USWC
45.3,-125.55,6.7,116.6,9/8/2026 12:00,6,USWC
45.3,-125.49,6.7,116.6,9/8/2026 12:00,6,USWC
45.3,-125.43,14.2,140.7,9/8/2026 12:00,6,USWC
45.3,-125.36,25.5,154.4,9/8/2026 12:00,6,USWC
45.3,-125.3,13.2,171.3,9/8/2026 12:00,6,USWC
45.3,-125.24,16,183.6,9/8/2026 12:00,6,USWC
45.3,-125.18,15.2,203.2,9/8/2026 12:00,6,USWC
45.3,-125.11,17.2,215.5,9/8/2026 12:00,6,USWC
45.3,-125.05,20.5,223,9/8/2026 12:00,6,USWC
45.3,-124.99,20.5,223,9/8/2026 12:00,6,USWC
45.3,-124.93,22.8,217.9,9/8/2026 12:00,6,USWC
45.3,-124.86,24.1,221.6,9/8/2026 12:00,6,USWC
45.3,-124.8,22.7,221.4,9/8/2026 12:00,6,USWC
45.3,-124.74,21.3,221.2,9/8/2026 12:00,6,USWC
45.3,-124.68,18.4,209.4,9/8/2026 12:00,6,USWC
45.3,-124.61,19,198.4,9/8/2026 12:00,6,USWC
45.3,-124.55,19.4,191.9,9/8/2026 12:00,6,USWC
45.3,-124.49,20.1,185.7,9/8/2026 12:00,6,USWC
45.3,-124.43,18.1,186.3,9/8/2026 12:00,6,USWC
45.3,-124.36,19.1,186,9/8/2026 12:00,6,USWC
45.3,-124.3,18.7,195.5,9/8/2026 12:00,6,USWC
45.3,-124.24,15.8,214.7,9/8/2026 12:00,6,USWC
45.3,-124.18,22.1,264.8,9/8/2026 12:00,6,USWC
45.3,-124.11,53.6,284,9/8/2026 12:00,6,USWC
45.3,-124.05,51,285.9,9/8/2026 12:00,6,USWC
45.35,-125.68,6.4,141.3,9/8/2026 12:00,6,USWC
45.35,-125.61,5.1,101.3,9/8/2026 12:00,6,USWC
45.35,-125.55,5.8,59,9/8/2026 12:00,6,USWC
45.35,-125.49,12.8,141.3,9/8/2026 12:00,6,USWC
45.35,-125.43,8.5,20.6,9/8/2026 12:00,6,USWC
45.35,-125.36,7.1,135,9/8/2026 12:00,6,USWC
45.35,-125.3,15.8,161.6,9/8/2026 12:00,6,USWC
45.35,-125.24,13,184.4,9/8/2026 12:00,6,USWC
45.35,-125.18,16.5,194,9/8/2026 12:00,6,USWC
45.35,-125.11,13.6,234,9/8/2026 12:00,6,USWC
45.35,-125.05,16.6,245,9/8/2026 12:00,6,USWC
45.35,-124.99,20.2,237.1,9/8/2026 12:00,6,USWC
45.35,-124.93,23,235.6,9/8/2026 12:00,6,USWC
45.35,-124.86,26.9,228,9/8/2026 12:00,6,USWC
45.35,-124.8,27.6,223.5,9/8/2026 12:00,6,USWC
45.35,-124.74,26.2,223.5,9/8/2026 12:00,6,USWC
45.35,-124.68,23.3,205.5,9/8/2026 12:00,6,USWC
45.35,-124.61,21.5,201.8,9/8/2026 12:00,6,USWC
45.35,-124.55,24.2,187.1,9/8/2026 12:00,6,USWC
45.35,-124.49,23,182.5,9/8/2026 12:00,6,USWC
45.35,-124.43,22.1,185.2,9/8/2026 12:00,6,USWC
45.35,-124.36,18.7,195.5,9/8/2026 12:00,6,USWC
45.35,-124.3,17,208.1,9/8/2026 12:00,6,USWC
45.35,-124.24,17,229.8,9/8/2026 12:00,6,USWC
45.35,-124.18,22,267.4,9/8/2026 12:00,6,USWC
45.35,-124.11,44.9,286.8,9/8/2026 12:00,6,USWC
45.35,-124.05,57.2,289.4,9/8/2026 12:00,6,USWC
45.41,-125.68,17.7,163.6,9/8/2026 12:00,6,USWC
45.41,-125.61,12.1,155.6,9/8/2026 12:00,6,USWC
45.41,-125.55,12.6,18.4,9/8/2026 12:00,6,USWC
45.41,-125.49,9.2,12.5,9/8/2026 12:00,6,USWC
45.41,-125.43,6.3,18.4,9/8/2026 12:00,6,USWC
45.41,-125.36,4.2,135,9/8/2026 12:00,6,USWC
45.41,-125.3,9.2,167.5,9/8/2026 12:00,6,USWC
45.41,-125.24,13,175.6,9/8/2026 12:00,6,USWC
45.41,-125.18,10.3,209.1,9/8/2026 12:00,6,USWC
45.41,-125.11,11.7,250,9/8/2026 12:00,6,USWC
45.41,-125.05,15.8,251.6,9/8/2026 12:00,6,USWC
45.41,-124.99,17.9,243.4,9/8/2026 12:00,6,USWC
45.41,-124.93,27.6,223.5,9/8/2026 12:00,6,USWC
45.41,-124.86,36.2,219.4,9/8/2026 12:00,6,USWC
45.41,-124.8,32.6,230,9/8/2026 12:00,6,USWC
45.41,-124.74,30.4,223.7,9/8/2026 12:00,6,USWC
45.41,-124.68,27.5,213.1,9/8/2026 12:00,6,USWC
45.41,-124.61,21.5,207.8,9/8/2026 12:00,6,USWC
45.41,-124.55,23.8,194.6,9/8/2026 12:00,6,USWC
45.41,-124.49,22.6,192.8,9/8/2026 12:00,6,USWC
45.41,-124.43,20.9,196.7,9/8/2026 12:00,6,USWC
45.41,-124.36,18.8,205.2,9/8/2026 12:00,6,USWC
45.41,-124.3,16.3,222.5,9/8/2026 12:00,6,USWC
45.41,-124.24,17.5,256.8,9/8/2026 12:00,6,USWC
45.41,-124.18,24.1,274.8,9/8/2026 12:00,6,USWC
45.41,-124.11,45.9,290.4,9/8/2026 12:00,6,USWC
45.41,-124.05,52.6,291.2,9/8/2026 12:00,6,USWC
45.41,-123.99,46.6,292.7,9/8/2026 12:00,6,USWC
45.46,-125.74,22.4,169.7,9/8/2026 12:00,6,USWC
45.46,-125.68,23.5,167.7,9/8/2026 12:00,6,USWC
45.46,-125.61,24,163.1,9/8/2026 12:00,6,USWC
45.46,-125.55,5,126.9,9/8/2026 12:00,6,USWC
45.46,-125.49,2.2,63.4,9/8/2026 12:00,6,USWC
45.46,-125.43,3.6,33.7,9/8/2026 12:00,6,USWC
45.46,-125.36,1.4,45,9/8/2026 12:00,6,USWC
45.46,-125.3,8.1,172.9,9/8/2026 12:00,6,USWC
45.46,-125.24,17.5,166.8,9/8/2026 12:00,6,USWC
45.46,-125.18,10.4,196.7,9/8/2026 12:00,6,USWC
45.46,-125.11,11.7,211,9/8/2026 12:00,6,USWC
45.46,-125.05,14.3,245.2,9/8/2026 12:00,6,USWC
45.46,-124.99,19.2,231.3,9/8/2026 12:00,6,USWC
45.46,-124.93,29.8,219.6,9/8/2026 12:00,6,USWC
45.46,-124.86,31.1,225,9/8/2026 12:00,6,USWC
45.46,-124.8,31.2,230.2,9/8/2026 12:00,6,USWC
45.46,-124.74,26.9,228,9/8/2026 12:00,6,USWC
45.46,-124.68,24.1,221.6,9/8/2026 12:00,6,USWC
45.46,-124.61,21.5,207.8,9/8/2026 12:00,6,USWC
45.46,-124.55,21.5,201.8,9/8/2026 12:00,6,USWC
45.46,-124.49,18.6,216.3,9/8/2026 12:00,6,USWC
45.46,-124.43,17.7,227.3,9/8/2026 12:00,6,USWC
45.46,-124.36,17.2,234.5,9/8/2026 12:00,6,USWC
45.46,-124.3,17.2,234.5,9/8/2026 12:00,6,USWC
45.46,-124.24,16.1,240.3,9/8/2026 12:00,6,USWC
45.46,-124.18,23.2,277.4,9/8/2026 12:00,6,USWC
45.46,-124.11,30.7,289,9/8/2026 12:00,6,USWC
45.46,-124.05,39,292.6,9/8/2026 12:00,6,USWC
45.52,-125.8,34.1,175,9/8/2026 12:00,6,USWC
45.52,-125.74,27.3,171.6,9/8/2026 12:00,6,USWC
45.52,-125.68,24.7,166,9/8/2026 12:00,6,USWC
45.52,-125.61,30.1,164.6,9/8/2026 12:00,6,USWC
45.52,-125.55,13.4,153.4,9/8/2026 12:00,6,USWC
45.52,-125.49,18.4,157.6,9/8/2026 12:00,6,USWC
45.52,-125.43,2.8,45,9/8/2026 12:00,6,USWC
45.52,-125.36,12.1,155.6,9/8/2026 12:00,6,USWC
45.52,-125.3,11.7,160,9/8/2026 12:00,6,USWC
45.52,-125.24,16.1,172.9,9/8/2026 12:00,6,USWC
45.52,-125.18,15,180,9/8/2026 12:00,6,USWC
45.52,-125.11,16.1,187.1,9/8/2026 12:00,6,USWC
45.52,-125.05,17,208.1,9/8/2026 12:00,6,USWC
45.52,-124.99,23.3,211,9/8/2026 12:00,6,USWC
45.52,-124.93,25.5,221.8,9/8/2026 12:00,6,USWC
45.52,-124.86,27.6,226.5,9/8/2026 12:00,6,USWC
45.52,-124.8,27.8,232.3,9/8/2026 12:00,6,USWC
45.52,-124.74,25.5,228.2,9/8/2026 12:00,6,USWC
45.52,-124.68,21.2,225,9/8/2026 12:00,6,USWC
45.52,-124.61,22,210.1,9/8/2026 12:00,6,USWC
45.52,-124.55,20.1,206.6,9/8/2026 12:00,6,USWC
45.52,-124.49,19.7,210.5,9/8/2026 12:00,6,USWC
45.52,-124.43,20,216.9,9/8/2026 12:00,6,USWC
45.52,-124.36,17.9,243.4,9/8/2026 12:00,6,USWC
45.52,-124.3,19.7,246,9/8/2026 12:00,6,USWC
45.52,-124.24,18,250.6,9/8/2026 12:00,6,USWC
45.52,-124.18,17.5,256.8,9/8/2026 12:00,6,USWC
45.52,-124.11,20.6,284,9/8/2026 12:00,6,USWC
45.52,-124.05,21.2,289.3,9/8/2026 12:00,6,USWC
45.52,-123.99,26,292.6,9/8/2026 12:00,6,USWC
45.57,-125.61,26.2,162.3,9/8/2026 12:00,6,USWC
45.57,-125.55,31.3,163.3,9/8/2026 12:00,6,USWC
45.57,-125.49,34.5,163.1,9/8/2026 12:00,6,USWC
45.57,-125.43,14.8,151.7,9/8/2026 12:00,6,USWC
45.57,-125.36,16.6,155,9/8/2026 12:00,6,USWC
45.57,-125.3,4.5,153.4,9/8/2026 12:00,6,USWC
45.57,-125.24,11.2,169.7,9/8/2026 12:00,6,USWC
45.57,-125.18,11,180,9/8/2026 12:00,6,USWC
45.57,-125.11,14,184.1,9/8/2026 12:00,6,USWC
45.57,-125.05,15.2,203.2,9/8/2026 12:00,6,USWC
45.57,-124.99,19.1,222.9,9/8/2026 12:00,6,USWC
45.57,-124.93,22.7,228.6,9/8/2026 12:00,6,USWC
45.57,-124.86,24.8,226.6,9/8/2026 12:00,6,USWC
45.57,-124.8,25.5,228.2,9/8/2026 12:00,6,USWC
45.57,-124.74,23.3,223.3,9/8/2026 12:00,6,USWC
45.57,-124.68,22,210.1,9/8/2026 12:00,6,USWC
45.57,-124.61,21.5,201.8,9/8/2026 12:00,6,USWC
45.57,-124.55,21.8,195.9,9/8/2026 12:00,6,USWC
45.57,-124.49,19.7,204,9/8/2026 12:00,6,USWC
45.57,-124.43,15.8,235.3,9/8/2026 12:00,6,USWC
45.57,-124.36,18.4,240.6,9/8/2026 12:00,6,USWC
45.57,-124.3,21.9,245.8,9/8/2026 12:00,6,USWC
45.57,-124.24,22.1,264.8,9/8/2026 12:00,6,USWC
45.57,-124.18,20,267.1,9/8/2026 12:00,6,USWC
45.57,-124.11,18.1,276.3,9/8/2026 12:00,6,USWC
45.57,-124.05,16.5,284,9/8/2026 12:00,6,USWC
45.57,-123.99,16.8,287.4,9/8/2026 12:00,6,USWC
45.62,-125.61,27.9,165.5,9/8/2026 12:00,6,USWC
45.62,-125.55,32,165.5,9/8/2026 12:00,6,USWC
45.62,-125.49,35.4,163.6,9/8/2026 12:00,6,USWC
45.62,-125.43,30.1,158.6,9/8/2026 12:00,6,USWC
45.62,-125.36,5,126.9,9/8/2026 12:00,6,USWC
45.62,-125.3,9.4,148,9/8/2026 12:00,6,USWC
45.62,-125.24,9.5,161.6,9/8/2026 12:00,6,USWC
45.62,-125.18,4,180,9/8/2026 12:00,6,USWC
45.62,-125.11,7.6,203.2,9/8/2026 12:00,6,USWC
45.62,-125.05,9.2,229.4,9/8/2026 12:00,6,USWC
45.62,-124.99,17,229.8,9/8/2026 12:00,6,USWC
45.62,-124.93,20.8,234.8,9/8/2026 12:00,6,USWC
45.62,-124.86,20.8,234.8,9/8/2026 12:00,6,USWC
45.62,-124.8,21.9,226.8,9/8/2026 12:00,6,USWC
45.62,-124.74,22.7,221.4,9/8/2026 12:00,6,USWC
45.62,-124.68,21.6,213.7,9/8/2026 12:00,6,USWC
45.62,-124.61,18.8,205.2,9/8/2026 12:00,6,USWC
45.62,-124.55,19,198.4,9/8/2026 12:00,6,USWC
45.62,-124.49,21.5,201.8,9/8/2026 12:00,6,USWC
45.62,-124.43,16.3,227.5,9/8/2026 12:00,6,USWC
45.62,-124.36,18.4,247.6,9/8/2026 12:00,6,USWC
45.62,-124.3,23.4,250,9/8/2026 12:00,6,USWC
45.62,-124.24,25.2,263.2,9/8/2026 12:00,6,USWC
45.62,-124.18,23.8,284.6,9/8/2026 12:00,6,USWC
45.62,-124.11,22.5,290.9,9/8/2026 12:00,6,USWC
45.62,-124.05,21.5,291.8,9/8/2026 12:00,6,USWC
45.68,-125.55,31.8,167.3,9/8/2026 12:00,6,USWC
45.68,-125.49,35.9,167.1,9/8/2026 12:00,6,USWC
45.68,-125.43,15.3,148.4,9/8/2026 12:00,6,USWC
45.68,-125.36,10.6,131.2,9/8/2026 12:00,6,USWC
45.68,-125.3,10.3,150.9,9/8/2026 12:00,6,USWC
45.68,-125.24,6.3,161.6,9/8/2026 12:00,6,USWC
45.68,-125.18,9.1,186.3,9/8/2026 12:00,6,USWC
45.68,-125.11,11.7,200,9/8/2026 12:00,6,USWC
45.68,-125.05,12,228.4,9/8/2026 12:00,6,USWC
45.68,-124.99,17.2,234.5,9/8/2026 12:00,6,USWC
45.68,-124.93,18.4,247.6,9/8/2026 12:00,6,USWC
45.68,-124.86,21.6,236.3,9/8/2026 12:00,6,USWC
45.68,-124.8,22.6,225,9/8/2026 12:00,6,USWC
45.68,-124.74,19.8,229.1,9/8/2026 12:00,6,USWC
45.68,-124.68,17.7,227.3,9/8/2026 12:00,6,USWC
45.68,-124.61,15.8,214.7,9/8/2026 12:00,6,USWC
45.68,-124.55,17.5,203.6,9/8/2026 12:00,6,USWC
45.68,-124.49,14.4,213.7,9/8/2026 12:00,6,USWC
45.68,-124.43,16.3,222.5,9/8/2026 12:00,6,USWC
45.68,-124.36,16.1,240.3,9/8/2026 12:00,6,USWC
45.68,-124.3,22.8,241.2,9/8/2026 12:00,6,USWC
45.68,-124.24,29.1,243.4,9/8/2026 12:00,6,USWC
45.68,-124.18,23.2,262.6,9/8/2026 12:00,6,USWC
45.73,-125.49,26.9,164.9,9/8/2026 12:00,6,USWC
45.73,-125.43,23.1,162.3,9/8/2026 12:00,6,USWC
45.73,-125.36,11.7,149,9/8/2026 12:00,6,USWC
45.73,-125.3,13,157.4,9/8/2026 12:00,6,USWC
45.73,-125.24,11.2,169.7,9/8/2026 12:00,6,USWC
45.73,-125.18,20.1,185.7,9/8/2026 12:00,6,USWC
45.73,-125.11,19.9,197.5,9/8/2026 12:00,6,USWC
45.73,-125.05,19.2,218.7,9/8/2026 12:00,6,USWC
45.73,-124.99,22.6,225,9/8/2026 12:00,6,USWC
45.73,-124.93,25.5,228.2,9/8/2026 12:00,6,USWC
45.73,-124.86,24.8,226.6,9/8/2026 12:00,6,USWC
45.73,-124.8,16.3,259.4,9/8/2026 12:00,6,USWC
45.73,-124.74,14,265.9,9/8/2026 12:00,6,USWC
45.73,-124.68,13,247.4,9/8/2026 12:00,6,USWC
45.73,-124.61,9.4,238,9/8/2026 12:00,6,USWC
45.73,-124.55,14.8,208.3,9/8/2026 12:00,6,USWC
45.73,-124.49,16.2,201.8,9/8/2026 12:00,6,USWC
45.73,-124.43,18,199.4,9/8/2026 12:00,6,USWC
45.73,-124.36,22,210.1,9/8/2026 12:00,6,USWC
45.73,-124.3,25.5,228.2,9/8/2026 12:00,6,USWC
45.73,-124.24,36.1,228.4,9/8/2026 12:00,6,USWC
45.73,-124.18,36.4,232.8,9/8/2026 12:00,6,USWC
45.78,-125.55,26.2,173.4,9/8/2026 12:00,6,USWC
45.78,-125.49,24.3,170.5,9/8/2026 12:00,6,USWC
45.78,-125.43,28.2,173.9,9/8/2026 12:00,6,USWC
45.78,-125.36,23.2,172.6,9/8/2026 12:00,6,USWC
45.78,-125.3,23.2,172.6,9/8/2026 12:00,6,USWC
45.78,-125.24,24,177.6,9/8/2026 12:00,6,USWC
45.78,-125.18,25,182.3,9/8/2026 12:00,6,USWC
45.78,-125.11,25,196.3,9/8/2026 12:00,6,USWC
45.78,-125.05,24.7,211.8,9/8/2026 12:00,6,USWC
45.78,-124.99,27.7,220.6,9/8/2026 12:00,6,USWC
45.78,-124.93,29,223.6,9/8/2026 12:00,6,USWC
45.78,-124.86,27.7,229.4,9/8/2026 12:00,6,USWC
45.78,-124.8,20.6,247.2,9/8/2026 12:00,6,USWC
45.78,-124.74,12.4,284,9/8/2026 12:00,6,USWC
45.78,-124.68,8,270,9/8/2026 12:00,6,USWC
45.78,-124.61,6.4,231.3,9/8/2026 12:00,6,USWC
45.78,-124.55,10.2,191.3,9/8/2026 12:00,6,USWC
45.78,-124.49,14.1,171.9,9/8/2026 12:00,6,USWC
45.78,-124.43,14,175.9,9/8/2026 12:00,6,USWC
45.78,-124.36,10.2,191.3,9/8/2026 12:00,6,USWC
45.78,-124.3,11.7,211,9/8/2026 12:00,6,USWC
45.78,-124.24,17,225,9/8/2026 12:00,6,USWC
45.78,-124.18,22,239.9,9/8/2026 12:00,6,USWC
45.84,-125.61,18,176.8,9/8/2026 12:00,6,USWC
45.84,-125.55,17.1,173.3,9/8/2026 12:00,6,USWC
45.84,-125.49,24,177.6,9/8/2026 12:00,6,USWC
45.84,-125.43,23,177.5,9/8/2026 12:00,6,USWC
45.84,-125.36,20,177.1,9/8/2026 12:00,6,USWC
45.84,-125.3,19,177,9/8/2026 12:00,6,USWC
45.84,-125.24,23,180,9/8/2026 12:00,6,USWC
45.84,-125.18,25.5,191.3,9/8/2026 12:00,6,USWC
45.84,-125.11,26.9,201.8,9/8/2026 12:00,6,USWC
45.84,-125.05,26.6,214.3,9/8/2026 12:00,6,USWC
45.84,-124.99,27.7,220.6,9/8/2026 12:00,6,USWC
45.84,-124.93,27.6,226.5,9/8/2026 12:00,6,USWC
45.84,-124.86,27.6,226.5,9/8/2026 12:00,6,USWC
45.84,-124.8,22.5,237.7,9/8/2026 12:00,6,USWC
45.84,-124.74,11,270,9/8/2026 12:00,6,USWC
45.84,-124.68,5,270,9/8/2026 12:00,6,USWC
45.84,-124.61,1.4,225,9/8/2026 12:00,6,USWC
45.84,-124.55,12.4,166,9/8/2026 12:00,6,USWC
45.84,-124.49,18.7,164.5,9/8/2026 12:00,6,USWC
45.84,-124.43,22,177.4,9/8/2026 12:00,6,USWC
45.84,-124.36,12,138.4,9/8/2026 12:00,6,USWC
45.84,-124.3,5.8,121,9/8/2026 12:00,6,USWC
45.84,-124.24,8.6,54.5,9/8/2026 12:00,6,USWC
45.84,-124.18,14.2,39.3,9/8/2026 12:00,6,USWC
45.89,-125.68,5.1,191.3,9/8/2026 12:00,6,USWC
45.89,-125.61,7.1,171.9,9/8/2026 12:00,6,USWC
45.89,-125.55,12,175.2,9/8/2026 12:00,6,USWC
45.89,-125.49,14,175.9,9/8/2026 12:00,6,USWC
45.89,-125.43,20.1,185.7,9/8/2026 12:00,6,USWC
45.89,-125.36,17,183.4,9/8/2026 12:00,6,USWC
45.89,-125.3,16.1,187.1,9/8/2026 12:00,6,USWC
45.89,-125.24,22.4,190.3,9/8/2026 12:00,6,USWC
45.89,-125.18,27.5,199.1,9/8/2026 12:00,6,USWC
45.89,-125.11,27.8,210.3,9/8/2026 12:00,6,USWC
45.89,-125.05,27.2,216,9/8/2026 12:00,6,USWC
45.89,-124.99,26.2,220.4,9/8/2026 12:00,6,USWC
45.89,-124.93,26.2,226.5,9/8/2026 12:00,6,USWC
45.89,-124.86,26.2,229.6,9/8/2026 12:00,6,USWC
45.89,-124.8,22.8,232.1,9/8/2026 12:00,6,USWC
45.89,-124.74,15.8,235.3,9/8/2026 12:00,6,USWC
45.89,-124.68,6.4,231.3,9/8/2026 12:00,6,USWC
45.89,-124.61,13.2,188.7,9/8/2026 12:00,6,USWC
45.89,-124.55,12.5,151.4,9/8/2026 12:00,6,USWC
45.89,-124.49,20.2,171.5,9/8/2026 12:00,6,USWC
45.89,-124.43,18.4,157.6,9/8/2026 12:00,6,USWC
45.89,-124.36,11.7,121,9/8/2026 12:00,6,USWC
45.89,-124.3,18.8,64.8,9/8/2026 12:00,6,USWC
45.89,-124.24,20.6,50.9,9/8/2026 12:00,6,USWC
45.89,-124.18,33.2,46.2,9/8/2026 12:00,6,USWC
45.89,-124.11,35.4,45,9/8/2026 12:00,6,USWC
45.89,-124.05,29.7,42.3,9/8/2026 12:00,6,USWC
45.95,-125.74,4.2,315,9/8/2026 12:00,6,USWC
45.95,-125.68,6.3,198.4,9/8/2026 12:00,6,USWC
45.95,-125.61,12.2,189.5,9/8/2026 12:00,6,USWC
45.95,-125.55,13.2,188.7,9/8/2026 12:00,6,USWC
45.95,-125.49,15.3,191.3,9/8/2026 12:00,6,USWC
45.95,-125.43,15.5,194.9,9/8/2026 12:00,6,USWC
45.95,-125.36,13.9,201,9/8/2026 12:00,6,USWC
45.95,-125.3,12.5,208.6,9/8/2026 12:00,6,USWC
45.95,-125.24,24.2,204.4,9/8/2026 12:00,6,USWC
45.95,-125.18,27.8,210.3,9/8/2026 12:00,6,USWC
45.95,-125.11,28,214.8,9/8/2026 12:00,6,USWC
45.95,-125.05,27,219,9/8/2026 12:00,6,USWC
45.95,-124.99,25.5,221.8,9/8/2026 12:00,6,USWC
45.95,-124.93,23.3,223.3,9/8/2026 12:00,6,USWC
45.95,-124.86,23.3,226.7,9/8/2026 12:00,6,USWC
45.95,-124.8,23.3,223.3,9/8/2026 12:00,6,USWC
45.95,-124.74,25,216.9,9/8/2026 12:00,6,USWC
45.95,-124.68,36.2,208,9/8/2026 12:00,6,USWC
45.95,-124.61,35.8,203,9/8/2026 12:00,6,USWC
45.95,-124.55,32,194.5,9/8/2026 12:00,6,USWC
45.95,-124.49,29.3,187.9,9/8/2026 12:00,6,USWC
45.95,-124.43,17.7,163.6,9/8/2026 12:00,6,USWC
45.95,-124.36,10.6,131.2,9/8/2026 12:00,6,USWC
45.95,-124.3,7.1,81.9,9/8/2026 12:00,6,USWC
45.95,-124.24,31.8,46.3,9/8/2026 12:00,6,USWC
45.95,-124.18,43.1,44.1,9/8/2026 12:00,6,USWC
45.95,-124.11,25.9,27.6,9/8/2026 12:00,6,USWC
45.95,-124.05,25.8,305.5,9/8/2026 12:00,6,USWC
46,-125.68,11.7,211,9/8/2026 12:00,6,USWC
46,-125.61,15.2,203.2,9/8/2026 12:00,6,USWC
46,-125.55,16.6,205,9/8/2026 12:00,6,USWC
46,-125.49,17.5,203.6,9/8/2026 12:00,6,USWC
46,-125.43,19.2,207.9,9/8/2026 12:00,6,USWC
46,-125.36,24.4,215,9/8/2026 12:00,6,USWC
46,-125.3,28,214.8,9/8/2026 12:00,6,USWC
46,-125.24,29.1,220.8,9/8/2026 12:00,6,USWC
46,-125.18,29.1,220.8,9/8/2026 12:00,6,USWC
46,-125.11,29.1,220.8,9/8/2026 12:00,6,USWC
46,-125.05,27.6,223.5,9/8/2026 12:00,6,USWC
46,-124.99,25.5,225,9/8/2026 12:00,6,USWC
46,-124.93,24,225,9/8/2026 12:00,6,USWC
46,-124.86,23.3,226.7,9/8/2026 12:00,6,USWC
46,-124.8,24.8,220.1,9/8/2026 12:00,6,USWC
46,-124.74,26.6,214.3,9/8/2026 12:00,6,USWC
46,-124.68,31.8,208.2,9/8/2026 12:00,6,USWC
46,-124.61,39.4,204,9/8/2026 12:00,6,USWC
46,-124.55,37.3,200.4,9/8/2026 12:00,6,USWC
46,-124.49,25.1,184.6,9/8/2026 12:00,6,USWC
46,-124.43,15.2,156.8,9/8/2026 12:00,6,USWC
46,-124.36,9.2,139.4,9/8/2026 12:00,6,USWC
46,-124.3,3.6,56.3,9/8/2026 12:00,6,USWC
46,-124.24,14.9,289.7,9/8/2026 12:00,6,USWC
46,-124.18,33.2,276.9,9/8/2026 12:00,6,USWC
46,-124.11,49.1,273.5,9/8/2026 12:00,6,USWC
46.05,-125.8,9.9,315,9/8/2026 12:00,6,USWC
46.05,-125.74,7.8,309.8,9/8/2026 12:00,6,USWC
46.05,-125.68,10,233.1,9/8/2026 12:00,6,USWC
46.05,-125.61,14.2,219.3,9/8/2026 12:00,6,USWC
46.05,-125.55,19.4,214.5,9/8/2026 12:00,6,USWC
46.05,-125.49,23,214.4,9/8/2026 12:00,6,USWC
46.05,-125.43,24.2,218.3,9/8/2026 12:00,6,USWC
46.05,-125.36,25.5,225,9/8/2026 12:00,6,USWC
46.05,-125.3,27,231,9/8/2026 12:00,6,USWC
46.05,-125.24,27.7,229.4,9/8/2026 12:00,6,USWC
46.05,-125.18,31.8,226.3,9/8/2026 12:00,6,USWC
46.05,-125.11,29.7,227.7,9/8/2026 12:00,6,USWC
46.05,-125.05,30.5,229,9/8/2026 12:00,6,USWC
46.05,-124.99,28.3,227.9,9/8/2026 12:00,6,USWC
46.05,-124.93,28.3,227.9,9/8/2026 12:00,6,USWC
46.05,-124.86,28.3,225,9/8/2026 12:00,6,USWC
46.05,-124.8,29.1,220.8,9/8/2026 12:00,6,USWC
46.05,-124.74,33.6,210.4,9/8/2026 12:00,6,USWC
46.05,-124.68,35.4,208.7,9/8/2026 12:00,6,USWC
46.05,-124.61,34,204.3,9/8/2026 12:00,6,USWC
46.05,-124.55,31.6,198.4,9/8/2026 12:00,6,USWC
46.05,-124.49,24.5,191.8,9/8/2026 12:00,6,USWC
46.05,-124.43,14.1,171.9,9/8/2026 12:00,6,USWC
46.05,-124.36,6.1,99.5,9/8/2026 12:00,6,USWC
46.05,-124.3,6.4,308.7,9/8/2026 12:00,6,USWC
46.05,-124.24,22.1,288.4,9/8/2026 12:00,6,USWC
46.05,-124.18,51.1,273.4,9/8/2026 12:00,6,USWC
46.05,-124.11,82.1,267.2,9/8/2026 12:00,6,USWC
46.11,-125.74,7.6,293.2,9/8/2026 12:00,6,USWC
46.11,-125.68,11.2,243.4,9/8/2026 12:00,6,USWC
46.11,-125.61,15.6,230.2,9/8/2026 12:00,6,USWC
46.11,-125.55,21.3,221.2,9/8/2026 12:00,6,USWC
46.11,-125.49,22.6,225,9/8/2026 12:00,6,USWC
46.11,-125.43,24.2,231.7,9/8/2026 12:00,6,USWC
46.11,-125.36,26.6,235.7,9/8/2026 12:00,6,USWC
46.11,-125.3,26.9,238.7,9/8/2026 12:00,6,USWC
46.11,-125.24,30.2,235.8,9/8/2026 12:00,6,USWC
46.11,-125.18,30.2,235.8,9/8/2026 12:00,6,USWC
46.11,-125.11,30.2,235.8,9/8/2026 12:00,6,USWC
46.11,-125.05,32.2,233.8,9/8/2026 12:00,6,USWC
46.11,-124.99,31.1,236.8,9/8/2026 12:00,6,USWC
46.11,-124.93,30.8,234.2,9/8/2026 12:00,6,USWC
46.11,-124.86,31.1,227.6,9/8/2026 12:00,6,USWC
46.11,-124.8,29.7,222.3,9/8/2026 12:00,6,USWC
46.11,-124.74,33.6,216.5,9/8/2026 12:00,6,USWC
46.11,-124.68,34.9,207.3,9/8/2026 12:00,6,USWC
46.11,-124.61,32.2,205.8,9/8/2026 12:00,6,USWC
46.11,-124.55,26,202.6,9/8/2026 12:00,6,USWC
46.11,-124.49,22.1,198.4,9/8/2026 12:00,6,USWC
46.11,-124.43,13.9,201,9/8/2026 12:00,6,USWC
46.11,-124.36,2.2,243.4,9/8/2026 12:00,6,USWC
46.11,-124.3,11.4,322.1,9/8/2026 12:00,6,USWC
46.11,-124.24,44,268.7,9/8/2026 12:00,6,USWC
46.11,-124.18,72.1,267.6,9/8/2026 12:00,6,USWC
46.11,-124.11,89.1,266.8,9/8/2026 12:00,6,USWC
46.16,-125.86,27,219,9/8/2026 12:00,6,USWC
46.16,-125.8,26.4,217.3,9/8/2026 12:00,6,USWC
46.16,-125.74,19.8,229.1,9/8/2026 12:00,6,USWC
46.16,-125.68,19.1,227.1,9/8/2026 12:00,6,USWC
46.16,-125.61,16.4,232.4,9/8/2026 12:00,6,USWC
46.16,-125.55,19.2,231.3,9/8/2026 12:00,6,USWC
46.16,-125.49,24.1,228.4,9/8/2026 12:00,6,USWC
46.16,-125.43,25.8,234.5,9/8/2026 12:00,6,USWC
46.16,-125.36,26.9,238.7,9/8/2026 12:00,6,USWC
46.16,-125.3,31.9,237.8,9/8/2026 12:00,6,USWC
46.16,-125.24,31.9,237.8,9/8/2026 12:00,6,USWC
46.16,-125.18,32.2,240.3,9/8/2026 12:00,6,USWC
46.16,-125.11,31.3,243.4,9/8/2026 12:00,6,USWC
46.16,-125.05,30.4,242.6,9/8/2026 12:00,6,USWC
46.16,-124.99,30.9,240.9,9/8/2026 12:00,6,USWC
46.16,-124.93,30.5,238.4,9/8/2026 12:00,6,USWC
46.16,-124.86,31.4,232.8,9/8/2026 12:00,6,USWC
46.16,-124.8,30.4,223.7,9/8/2026 12:00,6,USWC
46.16,-124.74,31.4,217.2,9/8/2026 12:00,6,USWC
46.16,-124.68,29.7,212.6,9/8/2026 12:00,6,USWC
46.16,-124.61,25.6,210.6,9/8/2026 12:00,6,USWC
46.16,-124.55,21.1,211.4,9/8/2026 12:00,6,USWC
46.16,-124.49,14.3,204.8,9/8/2026 12:00,6,USWC
46.16,-124.43,11.4,232.1,9/8/2026 12:00,6,USWC
46.16,-124.36,12.4,284,9/8/2026 12:00,6,USWC
46.16,-124.3,22.8,293.2,9/8/2026 12:00,6,USWC
46.16,-124.24,43.4,277.9,9/8/2026 12:00,6,USWC
46.16,-124.18,67,271.7,9/8/2026 12:00,6,USWC
46.16,-124.11,82,269.3,9/8/2026 12:00,6,USWC
46.22,-125.86,26.9,225,9/8/2026 12:00,6,USWC
46.22,-125.8,24,225,9/8/2026 12:00,6,USWC
46.22,-125.74,21.3,228.8,9/8/2026 12:00,6,USWC
46.22,-125.68,18.6,233.7,9/8/2026 12:00,6,USWC
46.22,-125.61,17.5,239,9/8/2026 12:00,6,USWC
46.22,-125.55,18.4,240.6,9/8/2026 12:00,6,USWC
46.22,-125.49,21.5,242.2,9/8/2026 12:00,6,USWC
46.22,-125.43,21.9,245.8,9/8/2026 12:00,6,USWC
46.22,-125.36,28.6,245.2,9/8/2026 12:00,6,USWC
46.22,-125.3,31.8,241.8,9/8/2026 12:00,6,USWC
46.22,-125.24,33.1,241.1,9/8/2026 12:00,6,USWC
46.22,-125.18,32.6,242.7,9/8/2026 12:00,6,USWC
46.22,-125.11,31.8,245.9,9/8/2026 12:00,6,USWC
46.22,-125.05,31.8,245.9,9/8/2026 12:00,6,USWC
46.22,-124.99,31.4,247.5,9/8/2026 12:00,6,USWC
46.22,-124.93,29.1,243.4,9/8/2026 12:00,6,USWC
46.22,-124.86,29.4,234.7,9/8/2026 12:00,6,USWC
46.22,-124.8,28.3,227.9,9/8/2026 12:00,6,USWC
46.22,-124.74,27,219,9/8/2026 12:00,6,USWC
46.22,-124.68,24.4,215,9/8/2026 12:00,6,USWC
46.22,-124.61,18.9,212,9/8/2026 12:00,6,USWC
46.22,-124.55,12.6,198.4,9/8/2026 12:00,6,USWC
46.22,-124.49,6.4,218.7,9/8/2026 12:00,6,USWC
46.22,-124.43,7.3,285.9,9/8/2026 12:00,6,USWC
46.22,-124.36,17.7,312.7,9/8/2026 12:00,6,USWC
46.22,-124.3,34.4,295.8,9/8/2026 12:00,6,USWC
46.22,-124.24,55.3,282.5,9/8/2026 12:00,6,USWC
46.22,-124.18,77.2,273.7,9/8/2026 12:00,6,USWC
46.22,-124.11,95,268.2,9/8/2026 12:00,6,USWC
46.27,-125.92,13,265.6,9/8/2026 12:00,6,USWC
46.27,-125.86,23.3,239,9/8/2026 12:00,6,USWC
46.27,-125.8,21.6,236.3,9/8/2026 12:00,6,USWC
46.27,-125.74,19.4,235.5,9/8/2026 12:00,6,USWC
46.27,-125.68,17.5,239,9/8/2026 12:00,6,USWC
46.27,-125.61,16.2,248.2,9/8/2026 12:00,6,USWC
46.27,-125.55,16.8,252.6,9/8/2026 12:00,6,USWC
46.27,-125.49,20.1,243.4,9/8/2026 12:00,6,USWC
46.27,-125.43,21.2,250.7,9/8/2026 12:00,6,USWC
46.27,-125.36,26,247.4,9/8/2026 12:00,6,USWC
46.27,-125.3,29.2,247.8,9/8/2026 12:00,6,USWC
46.27,-125.24,31.8,245.9,9/8/2026 12:00,6,USWC
46.27,-125.18,33.6,247.2,9/8/2026 12:00,6,USWC
46.27,-125.11,32.9,250.5,9/8/2026 12:00,6,USWC
46.27,-125.05,31,249.2,9/8/2026 12:00,6,USWC
46.27,-124.99,30.1,248.6,9/8/2026 12:00,6,USWC
46.27,-124.93,27.3,246.3,9/8/2026 12:00,6,USWC
46.27,-124.86,25.8,234.5,9/8/2026 12:00,6,USWC
46.27,-124.8,24.1,228.4,9/8/2026 12:00,6,USWC
46.27,-124.74,22.7,221.4,9/8/2026 12:00,6,USWC
46.27,-124.68,19.4,214.5,9/8/2026 12:00,6,USWC
46.27,-124.61,13.6,197.1,9/8/2026 12:00,6,USWC
46.27,-124.55,8.1,187.1,9/8/2026 12:00,6,USWC
46.27,-124.49,4,270,9/8/2026 12:00,6,USWC
46.27,-124.43,11.3,315,9/8/2026 12:00,6,USWC
46.27,-124.36,25.8,305.5,9/8/2026 12:00,6,USWC
46.27,-124.3,39.4,297.2,9/8/2026 12:00,6,USWC
46.27,-124.24,49.4,291.4,9/8/2026 12:00,6,USWC
46.27,-124.18,59.9,284.5,9/8/2026 12:00,6,USWC
46.27,-124.11,73.6,277,9/8/2026 12:00,6,USWC
46.32,-125.92,12.2,305,9/8/2026 12:00,6,USWC
46.32,-125.86,17.5,246.4,9/8/2026 12:00,6,USWC
46.32,-125.8,18.8,244.8,9/8/2026 12:00,6,USWC
46.32,-125.74,17.5,256.8,9/8/2026 12:00,6,USWC
46.32,-125.68,17.1,249.4,9/8/2026 12:00,6,USWC
46.32,-125.61,16.2,248.2,9/8/2026 12:00,6,USWC
46.32,-125.55,17.1,249.4,9/8/2026 12:00,6,USWC
46.32,-125.49,19.3,248.7,9/8/2026 12:00,6,USWC
46.32,-125.43,22.8,246.8,9/8/2026 12:00,6,USWC
46.32,-125.36,26.8,243.4,9/8/2026 12:00,6,USWC
46.32,-125.3,30,244.3,9/8/2026 12:00,6,USWC
46.32,-125.24,29.5,246,9/8/2026 12:00,6,USWC
46.32,-125.18,31.8,245.9,9/8/2026 12:00,6,USWC
46.32,-125.11,32.3,248.2,9/8/2026 12:00,6,USWC
46.32,-125.05,31.6,251.6,9/8/2026 12:00,6,USWC
46.32,-124.99,30.1,248.6,9/8/2026 12:00,6,USWC
46.32,-124.93,25.9,242.4,9/8/2026 12:00,6,USWC
46.32,-124.86,22.2,234.2,9/8/2026 12:00,6,USWC
46.32,-124.8,21.3,221.2,9/8/2026 12:00,6,USWC
46.32,-124.74,20,216.9,9/8/2026 12:00,6,USWC
46.32,-124.68,17.9,206.6,9/8/2026 12:00,6,USWC
46.32,-124.61,13.9,201,9/8/2026 12:00,6,USWC
46.32,-124.55,8,180,9/8/2026 12:00,6,USWC
46.32,-124.49,1.4,225,9/8/2026 12:00,6,USWC
46.32,-124.43,10,323.1,9/8/2026 12:00,6,USWC
46.32,-124.36,24.2,308.3,9/8/2026 12:00,6,USWC
46.32,-124.3,34,298.1,9/8/2026 12:00,6,USWC
46.32,-124.24,42.5,293.6,9/8/2026 12:00,6,USWC
46.32,-124.18,49.6,288.8,9/8/2026 12:00,6,USWC
46.32,-124.11,61.4,282.2,9/8/2026 12:00,6,USWC
46.38,-125.92,20.2,351.5,9/8/2026 12:00,6,USWC
46.38,-125.86,12,274.8,9/8/2026 12:00,6,USWC
46.38,-125.8,14.1,261.9,9/8/2026 12:00,6,USWC
46.38,-125.74,15.8,251.6,9/8/2026 12:00,6,USWC
46.38,-125.68,16.3,259.4,9/8/2026 12:00,6,USWC
46.38,-125.61,16.3,259.4,9/8/2026 12:00,6,USWC
46.38,-125.55,19.3,248.7,9/8/2026 12:00,6,USWC
46.38,-125.49,22,239.9,9/8/2026 12:00,6,USWC
46.38,-125.43,24.7,238.2,9/8/2026 12:00,6,USWC
46.38,-125.36,26.9,238.7,9/8/2026 12:00,6,USWC
46.38,-125.3,28.3,238,9/8/2026 12:00,6,USWC
46.38,-125.24,30,240,9/8/2026 12:00,6,USWC
46.38,-125.18,30.9,245.1,9/8/2026 12:00,6,USWC
46.38,-125.11,32.3,248.2,9/8/2026 12:00,6,USWC
46.38,-125.05,32,249.9,9/8/2026 12:00,6,USWC
46.38,-124.99,29.2,247.8,9/8/2026 12:00,6,USWC
46.38,-124.93,25.6,239.4,9/8/2026 12:00,6,USWC
46.38,-124.86,21.9,226.8,9/8/2026 12:00,6,USWC
46.38,-124.8,21.4,217.4,9/8/2026 12:00,6,USWC
46.38,-124.74,21.1,211.4,9/8/2026 12:00,6,USWC
46.38,-124.68,18.8,205.2,9/8/2026 12:00,6,USWC
46.38,-124.61,14.3,192.1,9/8/2026 12:00,6,USWC
46.38,-124.55,9.2,167.5,9/8/2026 12:00,6,USWC
46.38,-124.49,2.8,135,9/8/2026 12:00,6,USWC
46.38,-124.43,7.1,351.9,9/8/2026 12:00,6,USWC
46.38,-124.36,15.6,315,9/8/2026 12:00,6,USWC
46.38,-124.3,24.7,301.8,9/8/2026 12:00,6,USWC
46.38,-124.24,28.2,292.9,9/8/2026 12:00,6,USWC
46.38,-124.18,22.8,285.3,9/8/2026 12:00,6,USWC
46.38,-124.11,20.1,264.3,9/8/2026 12:00,6,USWC
46.43,-125.99,19.6,255.3,9/8/2026 12:00,6,USWC
46.43,-125.92,10,270,9/8/2026 12:00,6,USWC
46.43,-125.86,10.2,281.3,9/8/2026 12:00,6,USWC
46.43,-125.8,12,265.2,9/8/2026 12:00,6,USWC
46.43,-125.74,13.3,257,9/8/2026 12:00,6,USWC
46.43,-125.68,15.5,255.1,9/8/2026 12:00,6,USWC
46.43,-125.61,18,250.6,9/8/2026 12:00,6,USWC
46.43,-125.55,19.7,246,9/8/2026 12:00,6,USWC
46.43,-125.49,22,239.9,9/8/2026 12:00,6,USWC
46.43,-125.43,24.4,235,9/8/2026 12:00,6,USWC
46.43,-125.36,25.2,236.3,9/8/2026 12:00,6,USWC
46.43,-125.3,27.5,236.9,9/8/2026 12:00,6,USWC
46.43,-125.24,29.2,232,9/8/2026 12:00,6,USWC
46.43,-125.18,29.2,239,9/8/2026 12:00,6,USWC
46.43,-125.11,30.4,242.6,9/8/2026 12:00,6,USWC
46.43,-125.05,30.9,245.1,9/8/2026 12:00,6,USWC
46.43,-124.99,30.1,248.6,9/8/2026 12:00,6,USWC
46.43,-124.93,27.3,241.6,9/8/2026 12:00,6,USWC
46.43,-124.86,23.3,226.7,9/8/2026 12:00,6,USWC
46.43,-124.8,22,219.5,9/8/2026 12:00,6,USWC
46.43,-124.74,20.2,212.9,9/8/2026 12:00,6,USWC
46.43,-124.68,17,208.1,9/8/2026 12:00,6,USWC
46.43,-124.61,12.6,198.4,9/8/2026 12:00,6,USWC
46.43,-124.55,6.7,153.4,9/8/2026 12:00,6,USWC
46.43,-124.49,5.4,68.2,9/8/2026 12:00,6,USWC
46.43,-124.43,8.2,14,9/8/2026 12:00,6,USWC
46.43,-124.36,12.6,341.6,9/8/2026 12:00,6,USWC
46.43,-124.3,15.6,315,9/8/2026 12:00,6,USWC
46.43,-124.24,12,274.8,9/8/2026 12:00,6,USWC
46.43,-124.18,15,233.1,9/8/2026 12:00,6,USWC
46.43,-124.11,23.3,211,9/8/2026 12:00,6,USWC
46.49,-125.99,12.6,251.6,9/8/2026 12:00,6,USWC
46.49,-125.92,10,270,9/8/2026 12:00,6,USWC
46.49,-125.86,10,270,9/8/2026 12:00,6,USWC
46.49,-125.8,9.1,263.7,9/8/2026 12:00,6,USWC
46.49,-125.74,8.2,284,9/8/2026 12:00,6,USWC
46.49,-125.68,10.4,286.7,9/8/2026 12:00,6,USWC
46.49,-125.61,15.8,251.6,9/8/2026 12:00,6,USWC
46.49,-125.55,13.6,252.9,9/8/2026 12:00,6,USWC
46.49,-125.49,20.6,240.9,9/8/2026 12:00,6,USWC
46.49,-125.43,23.6,233.6,9/8/2026 12:00,6,USWC
46.49,-125.36,25.6,231.3,9/8/2026 12:00,6,USWC
46.49,-125.3,27,231,9/8/2026 12:00,6,USWC
46.49,-125.24,28.3,227.9,9/8/2026 12:00,6,USWC
46.49,-125.18,29.1,229.2,9/8/2026 12:00,6,USWC
46.49,-125.11,29.7,237.4,9/8/2026 12:00,6,USWC
46.49,-125.05,28.8,236.3,9/8/2026 12:00,6,USWC
46.49,-124.99,28.7,240.8,9/8/2026 12:00,6,USWC
46.49,-124.93,27.5,236.9,9/8/2026 12:00,6,USWC
46.49,-124.86,24.2,231.7,9/8/2026 12:00,6,USWC
46.49,-124.8,20.6,230.9,9/8/2026 12:00,6,USWC
46.49,-124.74,17,220.2,9/8/2026 12:00,6,USWC
46.49,-124.68,13.5,222,9/8/2026 12:00,6,USWC
46.49,-124.61,8.1,209.7,9/8/2026 12:00,6,USWC
46.49,-124.55,0,90,9/8/2026 12:00,6,USWC
46.49,-124.49,7.8,39.8,9/8/2026 12:00,6,USWC
46.49,-124.43,12.4,14,9/8/2026 12:00,6,USWC
46.49,-124.36,16,0,9/8/2026 12:00,6,USWC
46.49,-124.3,15.3,348.7,9/8/2026 12:00,6,USWC
46.49,-124.24,5.7,315,9/8/2026 12:00,6,USWC
46.49,-124.18,8.6,234.5,9/8/2026 12:00,6,USWC
46.49,-124.11,17,208.1,9/8/2026 12:00,6,USWC
46.54,-125.92,10.8,248.2,9/8/2026 12:00,6,USWC
46.54,-125.86,10,270,9/8/2026 12:00,6,USWC
46.54,-125.8,9.2,257.5,9/8/2026 12:00,6,USWC
46.54,-125.74,8.2,284,9/8/2026 12:00,6,USWC
46.54,-125.68,7.3,285.9,9/8/2026 12:00,6,USWC
46.54,-125.61,9,270,9/8/2026 12:00,6,USWC
46.54,-125.55,11.7,250,9/8/2026 12:00,6,USWC
46.54,-125.49,17.2,234.5,9/8/2026 12:00,6,USWC
46.54,-125.43,18.6,233.7,9/8/2026 12:00,6,USWC
46.54,-125.36,24.1,228.4,9/8/2026 12:00,6,USWC
46.54,-125.3,26.2,223.5,9/8/2026 12:00,6,USWC
46.54,-125.24,27,219,9/8/2026 12:00,6,USWC
46.54,-125.18,28.4,219.3,9/8/2026 12:00,6,USWC
46.54,-125.11,27.6,223.5,9/8/2026 12:00,6,USWC
46.54,-125.05,26.9,228,9/8/2026 12:00,6,USWC
46.54,-124.99,27.5,236.9,9/8/2026 12:00,6,USWC
46.54,-124.93,26.6,235.7,9/8/2026 12:00,6,USWC
46.54,-124.86,23.9,237,9/8/2026 12:00,6,USWC
46.54,-124.8,19.7,239.5,9/8/2026 12:00,6,USWC
46.54,-124.74,15.8,235.3,9/8/2026 12:00,6,USWC
46.54,-124.68,11.4,232.1,9/8/2026 12:00,6,USWC
46.54,-124.61,5.8,239,9/8/2026 12:00,6,USWC
46.54,-124.55,3.2,341.6,9/8/2026 12:00,6,USWC
46.54,-124.49,11,0,9/8/2026 12:00,6,USWC
46.54,-124.43,17,356.6,9/8/2026 12:00,6,USWC
46.54,-124.36,19.6,345.3,9/8/2026 12:00,6,USWC
46.54,-124.3,18.2,350.5,9/8/2026 12:00,6,USWC
46.54,-124.24,12,4.8,9/8/2026 12:00,6,USWC
46.54,-124.18,10.6,41.2,9/8/2026 12:00,6,USWC
46.54,-124.11,19.2,62.1,9/8/2026 12:00,6,USWC
46.59,-125.86,7.3,344.1,9/8/2026 12:00,6,USWC
46.59,-125.8,14,0,9/8/2026 12:00,6,USWC
46.59,-125.74,13,0,9/8/2026 12:00,6,USWC
46.59,-125.68,10.2,348.7,9/8/2026 12:00,6,USWC
46.59,-125.61,8.2,346,9/8/2026 12:00,6,USWC
46.59,-125.55,3.6,303.7,9/8/2026 12:00,6,USWC
46.59,-125.49,10.6,228.8,9/8/2026 12:00,6,USWC
46.59,-125.43,14.2,230.7,9/8/2026 12:00,6,USWC
46.59,-125.36,18.4,225,9/8/2026 12:00,6,USWC
46.59,-125.3,23.4,219.8,9/8/2026 12:00,6,USWC
46.59,-125.24,23.6,216.4,9/8/2026 12:00,6,USWC
46.59,-125.18,24.4,215,9/8/2026 12:00,6,USWC
46.59,-125.11,24.8,220.1,9/8/2026 12:00,6,USWC
46.59,-125.05,25.5,221.8,9/8/2026 12:00,6,USWC
46.59,-124.99,26.2,229.6,9/8/2026 12:00,6,USWC
46.59,-124.93,25.8,234.5,9/8/2026 12:00,6,USWC
46.59,-124.86,24.2,240.3,9/8/2026 12:00,6,USWC
46.59,-124.8,20.1,243.4,9/8/2026 12:00,6,USWC
46.59,-124.74,15.2,246.8,9/8/2026 12:00,6,USWC
46.59,-124.68,10.8,248.2,9/8/2026 12:00,6,USWC
46.59,-124.61,5.1,281.3,9/8/2026 12:00,6,USWC
46.59,-124.55,8.9,333.4,9/8/2026 12:00,6,USWC
46.59,-124.49,15.3,348.7,9/8/2026 12:00,6,USWC
46.59,-124.43,20.9,343.3,9/8/2026 12:00,6,USWC
46.59,-124.36,22.1,341.6,9/8/2026 12:00,6,USWC
46.59,-124.3,20.6,337.2,9/8/2026 12:00,6,USWC
46.59,-124.24,16.6,327.3,9/8/2026 12:00,6,USWC
46.59,-124.18,13,292.6,9/8/2026 12:00,6,USWC
46.59,-124.11,4.5,333.4,9/8/2026 12:00,6,USWC
46.65,-125.74,14.1,8.1,9/8/2026 12:00,6,USWC
46.65,-125.68,12.4,14,9/8/2026 12:00,6,USWC
46.65,-125.61,4,0,9/8/2026 12:00,6,USWC
46.65,-125.55,2.8,225,9/8/2026 12:00,6,USWC
46.65,-125.49,7.8,230.2,9/8/2026 12:00,6,USWC
46.65,-125.43,16.3,222.5,9/8/2026 12:00,6,USWC
46.65,-125.36,17.7,222.7,9/8/2026 12:00,6,USWC
46.65,-125.3,19.2,218.7,9/8/2026 12:00,6,USWC
46.65,-125.24,20.2,212.9,9/8/2026 12:00,6,USWC
46.65,-125.18,22,210.1,9/8/2026 12:00,6,USWC
46.65,-125.11,22.2,215.8,9/8/2026 12:00,6,USWC
46.65,-125.05,23.4,219.8,9/8/2026 12:00,6,USWC
46.65,-124.99,26.9,225,9/8/2026 12:00,6,USWC
46.65,-124.93,27,231,9/8/2026 12:00,6,USWC
46.65,-124.86,24.7,238.2,9/8/2026 12:00,6,USWC
46.65,-124.8,20.6,247.2,9/8/2026 12:00,6,USWC
46.65,-124.74,16.3,259.4,9/8/2026 12:00,6,USWC
46.65,-124.68,12,274.8,9/8/2026 12:00,6,USWC
46.65,-124.61,10,306.9,9/8/2026 12:00,6,USWC
46.65,-124.55,12.6,341.6,9/8/2026 12:00,6,USWC
46.65,-124.49,18.7,344.5,9/8/2026 12:00,6,USWC
46.65,-124.43,22.1,341.6,9/8/2026 12:00,6,USWC
46.65,-124.36,23.8,337.8,9/8/2026 12:00,6,USWC
46.65,-124.3,22,329.9,9/8/2026 12:00,6,USWC
46.65,-124.24,19.1,317.1,9/8/2026 12:00,6,USWC
46.65,-124.18,20.9,286.7,9/8/2026 12:00,6,USWC
46.65,-124.11,37.5,260.8,9/8/2026 12:00,6,USWC
46.7,-125.92,22.4,190.3,9/8/2026 12:00,6,USWC
46.7,-125.86,23.3,189.9,9/8/2026 12:00,6,USWC
46.7,-125.8,22.6,192.8,9/8/2026 12:00,6,USWC
46.7,-125.74,4.1,194,9/8/2026 12:00,6,USWC
46.7,-125.68,11.2,26.6,9/8/2026 12:00,6,USWC
46.7,-125.61,1,180,9/8/2026 12:00,6,USWC
46.7,-125.55,3.2,198.4,9/8/2026 12:00,6,USWC
46.7,-125.49,9.4,212,9/8/2026 12:00,6,USWC
46.7,-125.43,11.4,217.9,9/8/2026 12:00,6,USWC
46.7,-125.36,16.4,217.6,9/8/2026 12:00,6,USWC
46.7,-125.3,18,213.7,9/8/2026 12:00,6,USWC
46.7,-125.24,18.9,212,9/8/2026 12:00,6,USWC
46.7,-125.18,19.7,210.5,9/8/2026 12:00,6,USWC
46.7,-125.11,19.7,210.5,9/8/2026 12:00,6,USWC
46.7,-125.05,20.8,215.2,9/8/2026 12:00,6,USWC
46.7,-124.99,24.8,223.4,9/8/2026 12:00,6,USWC
46.7,-124.93,27.6,226.5,9/8/2026 12:00,6,USWC
46.7,-124.86,28,235.2,9/8/2026 12:00,6,USWC
46.7,-124.8,22.1,251.6,9/8/2026 12:00,6,USWC
46.7,-124.74,16,270,9/8/2026 12:00,6,USWC
46.7,-124.68,14.8,298.3,9/8/2026 12:00,6,USWC
46.7,-124.61,15,323.1,9/8/2026 12:00,6,USWC
46.7,-124.55,18.4,337.6,9/8/2026 12:00,6,USWC
46.7,-124.49,21.8,344.1,9/8/2026 12:00,6,USWC
46.7,-124.43,24.4,340.8,9/8/2026 12:00,6,USWC
46.7,-124.36,23.8,337.8,9/8/2026 12:00,6,USWC
46.7,-124.3,22.5,327.7,9/8/2026 12:00,6,USWC
46.7,-124.24,17.2,324.5,9/8/2026 12:00,6,USWC
46.7,-124.18,9.4,328,9/8/2026 12:00,6,USWC
46.76,-125.92,19.9,197.5,9/8/2026 12:00,6,USWC
46.76,-125.86,19.9,197.5,9/8/2026 12:00,6,USWC
46.76,-125.8,23.5,192.3,9/8/2026 12:00,6,USWC
46.76,-125.74,24.2,187.1,9/8/2026 12:00,6,USWC
46.76,-125.68,7.1,188.1,9/8/2026 12:00,6,USWC
46.76,-125.61,7.1,188.1,9/8/2026 12:00,6,USWC
46.76,-125.55,6.1,189.5,9/8/2026 12:00,6,USWC
46.76,-125.49,7.6,203.2,9/8/2026 12:00,6,USWC
46.76,-125.43,8.9,206.6,9/8/2026 12:00,6,USWC
46.76,-125.36,10.8,213.7,9/8/2026 12:00,6,USWC
46.76,-125.3,15.8,214.7,9/8/2026 12:00,6,USWC
46.76,-125.24,17,208.1,9/8/2026 12:00,6,USWC
46.76,-125.18,17,208.1,9/8/2026 12:00,6,USWC
46.76,-125.11,18.4,209.4,9/8/2026 12:00,6,USWC
46.76,-125.05,22.5,212.3,9/8/2026 12:00,6,USWC
46.76,-124.99,23.4,219.8,9/8/2026 12:00,6,USWC
46.76,-124.93,24.1,228.4,9/8/2026 12:00,6,USWC
46.76,-124.86,23.7,242.4,9/8/2026 12:00,6,USWC
46.76,-124.8,20.2,261.5,9/8/2026 12:00,6,USWC
46.76,-124.74,17.7,286.4,9/8/2026 12:00,6,USWC
46.76,-124.68,16.4,307.6,9/8/2026 12:00,6,USWC
46.76,-124.61,18.4,330.6,9/8/2026 12:00,6,USWC
46.76,-124.55,20.2,339.8,9/8/2026 12:00,6,USWC
46.76,-124.49,22.1,341.6,9/8/2026 12:00,6,USWC
46.76,-124.43,22.5,339.1,9/8/2026 12:00,6,USWC
46.76,-124.36,21,334.7,9/8/2026 12:00,6,USWC
46.76,-124.3,21.5,332.2,9/8/2026 12:00,6,USWC
46.76,-124.24,15.7,333.4,9/8/2026 12:00,6,USWC
46.76,-124.18,6.1,9.5,9/8/2026 12:00,6,USWC
46.81,-125.92,13.4,206.6,9/8/2026 12:00,6,USWC
46.81,-125.86,16.2,201.8,9/8/2026 12:00,6,USWC
46.81,-125.8,16.2,201.8,9/8/2026 12:00,6,USWC
46.81,-125.74,16.5,194,9/8/2026 12:00,6,USWC
46.81,-125.68,20.1,185.7,9/8/2026 12:00,6,USWC
46.81,-125.61,14,184.1,9/8/2026 12:00,6,USWC
46.81,-125.55,10,185.7,9/8/2026 12:00,6,USWC
46.81,-125.49,5.1,191.3,9/8/2026 12:00,6,USWC
46.81,-125.43,7.3,195.9,9/8/2026 12:00,6,USWC
46.81,-125.36,10.3,209.1,9/8/2026 12:00,6,USWC
46.81,-125.3,13,212.5,9/8/2026 12:00,6,USWC
46.81,-125.24,13,212.5,9/8/2026 12:00,6,USWC
46.81,-125.18,14.3,204.8,9/8/2026 12:00,6,USWC
46.81,-125.11,16.6,205,9/8/2026 12:00,6,USWC
46.81,-125.05,17,208.1,9/8/2026 12:00,6,USWC
46.81,-124.99,19.4,214.5,9/8/2026 12:00,6,USWC
46.81,-124.93,19.8,229.1,9/8/2026 12:00,6,USWC
46.81,-124.86,17.9,243.4,9/8/2026 12:00,6,USWC
46.81,-124.8,14,270,9/8/2026 12:00,6,USWC
46.81,-124.74,13.4,296.6,9/8/2026 12:00,6,USWC
46.81,-124.68,14.9,312.3,9/8/2026 12:00,6,USWC
46.81,-124.61,17.8,321.8,9/8/2026 12:00,6,USWC
46.81,-124.55,20.8,324.8,9/8/2026 12:00,6,USWC
46.81,-124.49,21.5,332.2,9/8/2026 12:00,6,USWC
46.81,-124.43,23.7,332.4,9/8/2026 12:00,6,USWC
46.81,-124.36,22.8,331.2,9/8/2026 12:00,6,USWC
46.81,-124.3,19.2,332.1,9/8/2026 12:00,6,USWC
46.81,-124.24,13,337.4,9/8/2026 12:00,6,USWC
46.81,-124.18,12.2,350.5,9/8/2026 12:00,6,USWC
46.81,-124.11,14.1,8.1,9/8/2026 12:00,6,USWC
46.86,-125.99,22.1,198.4,9/8/2026 12:00,6,USWC
46.86,-125.92,13.4,206.6,9/8/2026 12:00,6,USWC
46.86,-125.86,13.9,201,9/8/2026 12:00,6,USWC
46.86,-125.8,13.4,206.6,9/8/2026 12:00,6,USWC
46.86,-125.74,18.7,195.5,9/8/2026 12:00,6,USWC
46.86,-125.68,22.2,187.8,9/8/2026 12:00,6,USWC
46.86,-125.61,18,183.2,9/8/2026 12:00,6,USWC
46.86,-125.55,13,180,9/8/2026 12:00,6,USWC
46.86,-125.49,9,180,9/8/2026 12:00,6,USWC
46.86,-125.43,6.1,189.5,9/8/2026 12:00,6,USWC
46.86,-125.36,9.8,204,9/8/2026 12:00,6,USWC
46.86,-125.3,10.8,213.7,9/8/2026 12:00,6,USWC
46.86,-125.24,13,212.5,9/8/2026 12:00,6,USWC
46.86,-125.18,13,212.5,9/8/2026 12:00,6,USWC
46.86,-125.11,15.7,206.6,9/8/2026 12:00,6,USWC
46.86,-125.05,16.6,205,9/8/2026 12:00,6,USWC
46.86,-124.99,18.4,209.4,9/8/2026 12:00,6,USWC
46.86,-124.93,18.6,216.3,9/8/2026 12:00,6,USWC
46.86,-124.86,13.9,239.7,9/8/2026 12:00,6,USWC
46.86,-124.8,12.6,251.6,9/8/2026 12:00,6,USWC
46.86,-124.74,11.7,290,9/8/2026 12:00,6,USWC
46.86,-124.68,14.2,309.3,9/8/2026 12:00,6,USWC
46.86,-124.61,17.8,308.2,9/8/2026 12:00,6,USWC
46.86,-124.55,20,306.9,9/8/2026 12:00,6,USWC
46.86,-124.49,21.4,307.4,9/8/2026 12:00,6,USWC
46.86,-124.43,24.1,311.6,9/8/2026 12:00,6,USWC
46.86,-124.36,28.3,317.9,9/8/2026 12:00,6,USWC
46.86,-124.3,39.7,319.1,9/8/2026 12:00,6,USWC
46.86,-124.24,50.4,320.6,9/8/2026 12:00,6,USWC
46.86,-124.18,48.3,320,9/8/2026 12:00,6,USWC
46.92,-125.99,17.1,200.6,9/8/2026 12:00,6,USWC
46.92,-125.92,14.3,204.8,9/8/2026 12:00,6,USWC
46.92,-125.86,12.5,208.6,9/8/2026 12:00,6,USWC
46.92,-125.8,16.6,205,9/8/2026 12:00,6,USWC
46.92,-125.74,15.7,206.6,9/8/2026 12:00,6,USWC
46.92,-125.68,15.8,198.4,9/8/2026 12:00,6,USWC
46.92,-125.61,19,183,9/8/2026 12:00,6,USWC
46.92,-125.55,16,180,9/8/2026 12:00,6,USWC
46.92,-125.49,7.6,156.8,9/8/2026 12:00,6,USWC
46.92,-125.43,5,180,9/8/2026 12:00,6,USWC
46.92,-125.36,7.3,195.9,9/8/2026 12:00,6,USWC
46.92,-125.3,9.4,212,9/8/2026 12:00,6,USWC
46.92,-125.24,11.7,211,9/8/2026 12:00,6,USWC
46.92,-125.18,11.2,206.6,9/8/2026 12:00,6,USWC
46.92,-125.11,11.2,206.6,9/8/2026 12:00,6,USWC
46.92,-125.05,13,202.6,9/8/2026 12:00,6,USWC
46.92,-124.99,15.7,206.6,9/8/2026 12:00,6,USWC
46.92,-124.93,16.6,205,9/8/2026 12:00,6,USWC
46.92,-124.86,14.4,213.7,9/8/2026 12:00,6,USWC
46.92,-124.8,10.3,240.9,9/8/2026 12:00,6,USWC
46.92,-124.74,8,270,9/8/2026 12:00,6,USWC
46.92,-124.68,13.4,296.6,9/8/2026 12:00,6,USWC
46.92,-124.61,18.4,299.4,9/8/2026 12:00,6,USWC
46.92,-124.55,22.4,296.6,9/8/2026 12:00,6,USWC
46.92,-124.49,26.4,294.6,9/8/2026 12:00,6,USWC
46.92,-124.43,30.1,291.4,9/8/2026 12:00,6,USWC
46.92,-124.36,37.6,298.6,9/8/2026 12:00,6,USWC
46.92,-124.3,40.4,312,9/8/2026 12:00,6,USWC
46.92,-124.24,41.8,312.1,9/8/2026 12:00,6,USWC
46.92,-124.18,44.7,310.5,9/8/2026 12:00,6,USWC
46.97,-125.99,18.8,205.2,9/8/2026 12:00,6,USWC
46.97,-125.92,13,212.5,9/8/2026 12:00,6,USWC
46.97,-125.86,10.6,221.2,9/8/2026 12:00,6,USWC
46.97,-125.8,15,216.9,9/8/2026 12:00,6,USWC
46.97,-125.74,12.8,218.7,9/8/2026 12:00,6,USWC
46.97,-125.68,16.2,201.8,9/8/2026 12:00,6,USWC
46.97,-125.61,19.6,194.7,9/8/2026 12:00,6,USWC
46.97,-125.55,14,175.9,9/8/2026 12:00,6,USWC
46.97,-125.49,10,174.3,9/8/2026 12:00,6,USWC
46.97,-125.43,8.1,187.1,9/8/2026 12:00,6,USWC
46.97,-125.36,9.5,198.4,9/8/2026 12:00,6,USWC
46.97,-125.3,12.1,204.4,9/8/2026 12:00,6,USWC
46.97,-125.24,12.1,204.4,9/8/2026 12:00,6,USWC
46.97,-125.18,11.7,211,9/8/2026 12:00,6,USWC
46.97,-125.11,13.4,206.6,9/8/2026 12:00,6,USWC
46.97,-125.05,11.7,200,9/8/2026 12:00,6,USWC
46.97,-124.99,12.1,204.4,9/8/2026 12:00,6,USWC
46.97,-124.93,7.1,171.9,9/8/2026 12:00,6,USWC
46.97,-124.86,7,180,9/8/2026 12:00,6,USWC
46.97,-124.8,4.5,206.6,9/8/2026 12:00,6,USWC
46.97,-124.74,10.4,286.7,9/8/2026 12:00,6,USWC
46.97,-124.68,20.9,286.7,9/8/2026 12:00,6,USWC
46.97,-124.61,26,292.6,9/8/2026 12:00,6,USWC
46.97,-124.55,28.8,290.3,9/8/2026 12:00,6,USWC
46.97,-124.49,32.9,289.5,9/8/2026 12:00,6,USWC
46.97,-124.43,35.1,290,9/8/2026 12:00,6,USWC
46.97,-124.36,41.6,279.7,9/8/2026 12:00,6,USWC
46.97,-124.3,46.3,276.2,9/8/2026 12:00,6,USWC
46.97,-124.24,45.5,278.8,9/8/2026 12:00,6,USWC
46.97,-124.11,94.9,249.7,9/8/2026 12:00,6,USWC
47.03,-125.99,12.8,218.7,9/8/2026 12:00,6,USWC
47.03,-125.92,16.1,209.7,9/8/2026 12:00,6,USWC
47.03,-125.86,12.2,215,9/8/2026 12:00,6,USWC
47.03,-125.8,7.8,230.2,9/8/2026 12:00,6,USWC
47.03,-125.74,9.9,225,9/8/2026 12:00,6,USWC
47.03,-125.68,12.5,208.6,9/8/2026 12:00,6,USWC
47.03,-125.61,12,180,9/8/2026 12:00,6,USWC
47.03,-125.55,15.1,187.6,9/8/2026 12:00,6,USWC
47.03,-125.49,12.2,189.5,9/8/2026 12:00,6,USWC
47.03,-125.43,9.2,192.5,9/8/2026 12:00,6,USWC
47.03,-125.36,9.5,198.4,9/8/2026 12:00,6,USWC
47.03,-125.3,15.8,198.4,9/8/2026 12:00,6,USWC
47.03,-125.24,19,198.4,9/8/2026 12:00,6,USWC
47.03,-125.18,16.2,201.8,9/8/2026 12:00,6,USWC
47.03,-125.11,16.2,201.8,9/8/2026 12:00,6,USWC
47.03,-125.05,11.4,195.3,9/8/2026 12:00,6,USWC
47.03,-124.99,6.1,170.5,9/8/2026 12:00,6,USWC
47.03,-124.93,5.1,191.3,9/8/2026 12:00,6,USWC
47.03,-124.86,2,180,9/8/2026 12:00,6,USWC
47.03,-124.8,5.1,281.3,9/8/2026 12:00,6,USWC
47.03,-124.74,15.2,293.2,9/8/2026 12:00,6,USWC
47.03,-124.68,22.5,302.3,9/8/2026 12:00,6,USWC
47.03,-124.61,28.4,309.3,9/8/2026 12:00,6,USWC
47.03,-124.55,32.6,310,9/8/2026 12:00,6,USWC
47.03,-124.49,36.4,301.5,9/8/2026 12:00,6,USWC
47.03,-124.43,38.6,306.6,9/8/2026 12:00,6,USWC
47.03,-124.36,38.9,299.2,9/8/2026 12:00,6,USWC
47.03,-124.3,44.6,279,9/8/2026 12:00,6,USWC
47.03,-124.24,57.4,263,9/8/2026 12:00,6,USWC
47.08,-126.05,7.6,246.8,9/8/2026 12:00,6,USWC
47.08,-125.99,18.8,205.2,9/8/2026 12:00,6,USWC
47.08,-125.92,15.3,211.6,9/8/2026 12:00,6,USWC
47.08,-125.86,12.2,215,9/8/2026 12:00,6,USWC
47.08,-125.8,8.5,225,9/8/2026 12:00,6,USWC
47.08,-125.74,4,270,9/8/2026 12:00,6,USWC
47.08,-125.68,2.2,243.4,9/8/2026 12:00,6,USWC
47.08,-125.61,8.2,194,9/8/2026 12:00,6,USWC
47.08,-125.55,13.2,188.7,9/8/2026 12:00,6,USWC
47.08,-125.49,11.4,195.3,9/8/2026 12:00,6,USWC
47.08,-125.43,10.8,201.8,9/8/2026 12:00,6,USWC
47.08,-125.36,12.6,198.4,9/8/2026 12:00,6,USWC
47.08,-125.3,16.8,197.4,9/8/2026 12:00,6,USWC
47.08,-125.24,21.2,199.3,9/8/2026 12:00,6,USWC
47.08,-125.18,23.8,194.6,9/8/2026 12:00,6,USWC
47.08,-125.11,16.3,190.6,9/8/2026 12:00,6,USWC
47.08,-125.05,12,180,9/8/2026 12:00,6,USWC
47.08,-124.99,7.3,164.1,9/8/2026 12:00,6,USWC
47.08,-124.93,3.2,161.6,9/8/2026 12:00,6,USWC
47.08,-124.86,2.8,315,9/8/2026 12:00,6,USWC
47.08,-124.8,10.8,326.3,9/8/2026 12:00,6,USWC
47.08,-124.74,18.4,319.4,9/8/2026 12:00,6,USWC
47.08,-124.68,25,323.1,9/8/2026 12:00,6,USWC
47.08,-124.61,30.5,319,9/8/2026 12:00,6,USWC
47.08,-124.55,36.2,320.6,9/8/2026 12:00,6,USWC
47.08,-124.49,39.6,315,9/8/2026 12:00,6,USWC
47.08,-124.43,42.6,309.3,9/8/2026 12:00,6,USWC
47.08,-124.36,44.7,304,9/8/2026 12:00,6,USWC
47.08,-124.3,45.9,290.4,9/8/2026 12:00,6,USWC
47.08,-124.24,44.1,283.1,9/8/2026 12:00,6,USWC
47.13,-125.99,11.4,217.9,9/8/2026 12:00,6,USWC
47.13,-125.92,15.7,206.6,9/8/2026 12:00,6,USWC
47.13,-125.86,7.8,219.8,9/8/2026 12:00,6,USWC
47.13,-125.8,9.2,220.6,9/8/2026 12:00,6,USWC
47.13,-125.74,3.2,251.6,9/8/2026 12:00,6,USWC
47.13,-125.68,3.2,288.4,9/8/2026 12:00,6,USWC
47.13,-125.61,7.6,203.2,9/8/2026 12:00,6,USWC
47.13,-125.55,9.5,198.4,9/8/2026 12:00,6,USWC
47.13,-125.49,11.4,195.3,9/8/2026 12:00,6,USWC
47.13,-125.43,16.2,201.8,9/8/2026 12:00,6,USWC
47.13,-125.36,15.7,206.6,9/8/2026 12:00,6,USWC
47.13,-125.3,15.7,206.6,9/8/2026 12:00,6,USWC
47.13,-125.24,18.4,202.4,9/8/2026 12:00,6,USWC
47.13,-125.18,22.5,200.9,9/8/2026 12:00,6,USWC
47.13,-125.11,21.6,193.4,9/8/2026 12:00,6,USWC
47.13,-125.05,15,183.8,9/8/2026 12:00,6,USWC
47.13,-124.99,9.2,167.5,9/8/2026 12:00,6,USWC
47.13,-124.93,3.6,56.3,9/8/2026 12:00,6,USWC
47.13,-124.86,7,0,9/8/2026 12:00,6,USWC
47.13,-124.8,13,337.4,9/8/2026 12:00,6,USWC
47.13,-124.74,21.5,338.2,9/8/2026 12:00,6,USWC
47.13,-124.68,26.4,335.4,9/8/2026 12:00,6,USWC
47.13,-124.61,29.4,324.7,9/8/2026 12:00,6,USWC
47.13,-124.55,33.2,316.2,9/8/2026 12:00,6,USWC
47.13,-124.49,38.4,308.7,9/8/2026 12:00,6,USWC
47.13,-124.43,45.7,298.8,9/8/2026 12:00,6,USWC
47.13,-124.36,55.1,285.8,9/8/2026 12:00,6,USWC
47.13,-124.3,62.4,282,9/8/2026 12:00,6,USWC
47.19,-125.92,6.3,288.4,9/8/2026 12:00,6,USWC
47.19,-125.86,5,270,9/8/2026 12:00,6,USWC
47.19,-125.8,7.8,230.2,9/8/2026 12:00,6,USWC
47.19,-125.74,4.5,333.4,9/8/2026 12:00,6,USWC
47.19,-125.68,5.7,225,9/8/2026 12:00,6,USWC
47.19,-125.61,2.2,296.6,9/8/2026 12:00,6,USWC
47.19,-125.55,8.9,206.6,9/8/2026 12:00,6,USWC
47.19,-125.49,14.9,199.7,9/8/2026 12:00,6,USWC
47.19,-125.43,14.3,204.8,9/8/2026 12:00,6,USWC
47.19,-125.36,15.3,211.6,9/8/2026 12:00,6,USWC
47.19,-125.3,17.5,211,9/8/2026 12:00,6,USWC
47.19,-125.24,18.4,209.4,9/8/2026 12:00,6,USWC
47.19,-125.18,18.8,205.2,9/8/2026 12:00,6,USWC
47.19,-125.11,18,199.4,9/8/2026 12:00,6,USWC
47.19,-125.05,14,184.1,9/8/2026 12:00,6,USWC
47.19,-124.99,8.2,166,9/8/2026 12:00,6,USWC
47.19,-124.93,2.2,116.6,9/8/2026 12:00,6,USWC
47.19,-124.86,7.1,351.9,9/8/2026 12:00,6,USWC
47.19,-124.8,17.3,350,9/8/2026 12:00,6,USWC
47.19,-124.74,22.5,339.1,9/8/2026 12:00,6,USWC
47.19,-124.68,25.1,336.5,9/8/2026 12:00,6,USWC
47.19,-124.61,26.8,333.4,9/8/2026 12:00,6,USWC
47.19,-124.55,29.2,329,9/8/2026 12:00,6,USWC
47.19,-124.49,32,308.7,9/8/2026 12:00,6,USWC
47.19,-124.43,39.4,297.2,9/8/2026 12:00,6,USWC
47.19,-124.36,53.6,284,9/8/2026 12:00,6,USWC
47.19,-124.3,67.5,276.8,9/8/2026 12:00,6,USWC
47.24,-125.99,8.1,262.9,9/8/2026 12:00,6,USWC
47.24,-125.92,7.6,336.8,9/8/2026 12:00,6,USWC
47.24,-125.86,5.4,291.8,9/8/2026 12:00,6,USWC
47.24,-125.8,9.2,347.5,9/8/2026 12:00,6,USWC
47.24,-125.74,13,4.4,9/8/2026 12:00,6,USWC
47.24,-125.68,3.2,288.4,9/8/2026 12:00,6,USWC
47.24,-125.61,5,233.1,9/8/2026 12:00,6,USWC
47.24,-125.55,2.8,225,9/8/2026 12:00,6,USWC
47.24,-125.49,10.3,209.1,9/8/2026 12:00,6,USWC
47.24,-125.43,12.1,204.4,9/8/2026 12:00,6,USWC
47.24,-125.36,13.9,210.3,9/8/2026 12:00,6,USWC
47.24,-125.3,15.3,211.6,9/8/2026 12:00,6,USWC
47.24,-125.24,18,213.7,9/8/2026 12:00,6,USWC
47.24,-125.18,20.6,209.1,9/8/2026 12:00,6,USWC
47.24,-125.11,17.5,203.6,9/8/2026 12:00,6,USWC
47.24,-125.05,14.6,195.9,9/8/2026 12:00,6,USWC
47.24,-124.99,9.1,173.7,9/8/2026 12:00,6,USWC
47.24,-124.93,4.1,166,9/8/2026 12:00,6,USWC
47.24,-124.86,4,0,9/8/2026 12:00,6,USWC
47.24,-124.8,15.3,348.7,9/8/2026 12:00,6,USWC
47.24,-124.74,21.8,344.1,9/8/2026 12:00,6,USWC
47.24,-124.68,24.7,338.6,9/8/2026 12:00,6,USWC
47.24,-124.61,25.1,336.5,9/8/2026 12:00,6,USWC
47.24,-124.55,25.5,334.4,9/8/2026 12:00,6,USWC
47.24,-124.49,26.9,312,9/8/2026 12:00,6,USWC
47.24,-124.43,31.4,300.7,9/8/2026 12:00,6,USWC
47.24,-124.36,39.2,289.4,9/8/2026 12:00,6,USWC
47.3,-125.99,11.4,344.7,9/8/2026 12:00,6,USWC
47.3,-125.92,14.1,351.9,9/8/2026 12:00,6,USWC
47.3,-125.86,22.1,5.2,9/8/2026 12:00,6,USWC
47.3,-125.8,16,0,9/8/2026 12:00,6,USWC
47.3,-125.74,16,3.6,9/8/2026 12:00,6,USWC
47.3,-125.68,9.1,353.7,9/8/2026 12:00,6,USWC
47.3,-125.61,8,0,9/8/2026 12:00,6,USWC
47.3,-125.55,3.6,236.3,9/8/2026 12:00,6,USWC
47.3,-125.49,5.8,211,9/8/2026 12:00,6,USWC
47.3,-125.43,8.9,206.6,9/8/2026 12:00,6,USWC
47.3,-125.36,17,208.1,9/8/2026 12:00,6,USWC
47.3,-125.3,16.6,212.7,9/8/2026 12:00,6,USWC
47.3,-125.24,19.7,210.5,9/8/2026 12:00,6,USWC
47.3,-125.18,19.7,210.5,9/8/2026 12:00,6,USWC
47.3,-125.11,17,208.1,9/8/2026 12:00,6,USWC
47.3,-125.05,11.4,195.3,9/8/2026 12:00,6,USWC
47.3,-124.99,9,180,9/8/2026 12:00,6,USWC
47.3,-124.93,6.3,161.6,9/8/2026 12:00,6,USWC
47.3,-124.86,0,90,9/8/2026 12:00,6,USWC
47.3,-124.8,10.2,348.7,9/8/2026 12:00,6,USWC
47.3,-124.74,19,341.6,9/8/2026 12:00,6,USWC
47.3,-124.68,25.1,336.5,9/8/2026 12:00,6,USWC
47.3,-124.61,25.1,331.4,9/8/2026 12:00,6,USWC
47.3,-124.55,23.9,327,9/8/2026 12:00,6,USWC
47.3,-124.49,24.8,310.1,9/8/2026 12:00,6,USWC
47.3,-124.43,25,286.3,9/8/2026 12:00,6,USWC
47.35,-125.99,12.4,346,9/8/2026 12:00,6,USWC
47.35,-125.92,18,0,9/8/2026 12:00,6,USWC
47.35,-125.86,26.3,8.7,9/8/2026 12:00,6,USWC
47.35,-125.8,33.5,10.3,9/8/2026 12:00,6,USWC
47.35,-125.74,30.6,11.3,9/8/2026 12:00,6,USWC
47.35,-125.68,24.5,11.8,9/8/2026 12:00,6,USWC
47.35,-125.61,5.4,338.2,9/8/2026 12:00,6,USWC
47.35,-125.55,7.1,225,9/8/2026 12:00,6,USWC
47.35,-125.49,4.2,225,9/8/2026 12:00,6,USWC
47.35,-125.43,13.9,210.3,9/8/2026 12:00,6,USWC
47.35,-125.36,14.8,208.3,9/8/2026 12:00,6,USWC
47.35,-125.3,15.8,214.7,9/8/2026 12:00,6,USWC
47.35,-125.24,19.4,214.5,9/8/2026 12:00,6,USWC
47.35,-125.18,17.5,211,9/8/2026 12:00,6,USWC
47.35,-125.11,14.3,204.8,9/8/2026 12:00,6,USWC
47.35,-125.05,15.8,198.4,9/8/2026 12:00,6,USWC
47.35,-124.99,10,174.3,9/8/2026 12:00,6,USWC
47.35,-124.93,9.5,161.6,9/8/2026 12:00,6,USWC
47.35,-124.86,5.8,149,9/8/2026 12:00,6,USWC
47.35,-124.8,7.2,33.7,9/8/2026 12:00,6,USWC
47.35,-124.74,13,355.6,9/8/2026 12:00,6,USWC
47.35,-124.68,19.4,348.1,9/8/2026 12:00,6,USWC
47.35,-124.61,26,337.4,9/8/2026 12:00,6,USWC
47.35,-124.55,23.4,320.2,9/8/2026 12:00,6,USWC
47.35,-124.49,15.6,320.2,9/8/2026 12:00,6,USWC
47.4,-125.99,11.4,344.7,9/8/2026 12:00,6,USWC
47.4,-125.92,21,2.7,9/8/2026 12:00,6,USWC
47.4,-125.86,34.5,10,9/8/2026 12:00,6,USWC
47.4,-125.8,39.1,13.3,9/8/2026 12:00,6,USWC
47.4,-125.74,40.5,15.8,9/8/2026 12:00,6,USWC
47.4,-125.68,14,0,9/8/2026 12:00,6,USWC
47.4,-125.61,6.1,350.5,9/8/2026 12:00,6,USWC
47.4,-125.55,2.2,296.6,9/8/2026 12:00,6,USWC
47.4,-125.49,6.4,218.7,9/8/2026 12:00,6,USWC
47.4,-125.43,11.4,217.9,9/8/2026 12:00,6,USWC
47.4,-125.36,7.2,213.7,9/8/2026 12:00,6,USWC
47.4,-125.3,10,216.9,9/8/2026 12:00,6,USWC
47.4,-125.24,13,212.5,9/8/2026 12:00,6,USWC
47.4,-125.18,15.3,211.6,9/8/2026 12:00,6,USWC
47.4,-125.11,15.7,206.6,9/8/2026 12:00,6,USWC
47.4,-125.05,13.2,188.7,9/8/2026 12:00,6,USWC
47.4,-124.99,14,175.9,9/8/2026 12:00,6,USWC
47.4,-124.93,12.1,155.6,9/8/2026 12:00,6,USWC
47.4,-124.86,12,131.6,9/8/2026 12:00,6,USWC
47.4,-124.8,12.1,114.4,9/8/2026 12:00,6,USWC
47.4,-124.74,11,84.8,9/8/2026 12:00,6,USWC
47.4,-124.68,15.3,58.4,9/8/2026 12:00,6,USWC
47.4,-124.61,15,36.9,9/8/2026 12:00,6,USWC
47.4,-124.55,13.4,63.4,9/8/2026 12:00,6,USWC
47.46,-125.99,9.4,328,9/8/2026 12:00,6,USWC
47.46,-125.92,23,2.5,9/8/2026 12:00,6,USWC
47.46,-125.86,39.1,13.3,9/8/2026 12:00,6,USWC
47.46,-125.8,41.5,15.4,9/8/2026 12:00,6,USWC
47.46,-125.74,48.7,19.2,9/8/2026 12:00,6,USWC
47.46,-125.68,27.9,14.5,9/8/2026 12:00,6,USWC
47.46,-125.61,12.2,9.5,9/8/2026 12:00,6,USWC
47.46,-125.55,7.1,8.1,9/8/2026 12:00,6,USWC
47.46,-125.49,6.4,231.3,9/8/2026 12:00,6,USWC
47.46,-125.43,17.8,218.2,9/8/2026 12:00,6,USWC
47.46,-125.36,10.6,221.2,9/8/2026 12:00,6,USWC
47.46,-125.3,10.6,221.2,9/8/2026 12:00,6,USWC
47.46,-125.24,8.6,215.5,9/8/2026 12:00,6,USWC
47.46,-125.18,11.2,206.6,9/8/2026 12:00,6,USWC
47.46,-125.11,17.5,203.6,9/8/2026 12:00,6,USWC
47.46,-125.05,16.3,190.6,9/8/2026 12:00,6,USWC
47.46,-124.99,16.1,172.9,9/8/2026 12:00,6,USWC
47.46,-124.93,17.3,170,9/8/2026 12:00,6,USWC
47.46,-124.86,15.2,156.8,9/8/2026 12:00,6,USWC
47.46,-124.8,14.4,123.7,9/8/2026 12:00,6,USWC
47.46,-124.74,17.3,100,9/8/2026 12:00,6,USWC
47.46,-124.68,17.3,100,9/8/2026 12:00,6,USWC
47.46,-124.61,17,93.4,9/8/2026 12:00,6,USWC
47.46,-124.55,12.2,35,9/8/2026 12:00,6,USWC
47.51,-125.99,18.2,350.5,9/8/2026 12:00,6,USWC
47.51,-125.92,26.2,6.6,9/8/2026 12:00,6,USWC
47.51,-125.86,32.8,12.3,9/8/2026 12:00,6,USWC
47.51,-125.8,42.7,16.3,9/8/2026 12:00,6,USWC
47.51,-125.74,48.7,19.2,9/8/2026 12:00,6,USWC
47.51,-125.68,41.8,21,9/8/2026 12:00,6,USWC
47.51,-125.61,12.4,14,9/8/2026 12:00,6,USWC
47.51,-125.55,3,270,9/8/2026 12:00,6,USWC
47.51,-125.49,9.2,229.4,9/8/2026 12:00,6,USWC
47.51,-125.43,22,219.5,9/8/2026 12:00,6,USWC
47.51,-125.36,12.7,225,9/8/2026 12:00,6,USWC
47.51,-125.3,11.3,225,9/8/2026 12:00,6,USWC
47.51,-125.24,9.2,220.6,9/8/2026 12:00,6,USWC
47.51,-125.18,8.9,206.6,9/8/2026 12:00,6,USWC
47.51,-125.11,16.8,197.4,9/8/2026 12:00,6,USWC
47.51,-125.05,17.3,190,9/8/2026 12:00,6,USWC
47.51,-124.99,20,182.9,9/8/2026 12:00,6,USWC
47.51,-124.93,20,177.1,9/8/2026 12:00,6,USWC
47.51,-124.86,17.5,166.8,9/8/2026 12:00,6,USWC
47.51,-124.8,16.2,158.2,9/8/2026 12:00,6,USWC
47.51,-124.74,14.1,135,9/8/2026 12:00,6,USWC
47.51,-124.68,12.8,128.7,9/8/2026 12:00,6,USWC
47.51,-124.61,5.4,68.2,9/8/2026 12:00,6,USWC
47.56,-125.99,17,356.6,9/8/2026 12:00,6,USWC
47.56,-125.92,23,2.5,9/8/2026 12:00,6,USWC
47.56,-125.86,34,13.6,9/8/2026 12:00,6,USWC
47.56,-125.8,45.2,18,9/8/2026 12:00,6,USWC
47.56,-125.74,41.4,19.7,9/8/2026 12:00,6,USWC
47.56,-125.68,42.2,22.3,9/8/2026 12:00,6,USWC
47.56,-125.61,23.1,17.7,9/8/2026 12:00,6,USWC
47.56,-125.55,10,5.7,9/8/2026 12:00,6,USWC
47.56,-125.49,15.6,225,9/8/2026 12:00,6,USWC
47.56,-125.43,22.7,221.4,9/8/2026 12:00,6,USWC
47.56,-125.36,20.5,223,9/8/2026 12:00,6,USWC
47.56,-125.3,12.7,225,9/8/2026 12:00,6,USWC
47.56,-125.24,9.9,225,9/8/2026 12:00,6,USWC
47.56,-125.18,13.9,210.3,9/8/2026 12:00,6,USWC
47.56,-125.11,18.4,202.4,9/8/2026 12:00,6,USWC
47.56,-125.05,21.6,193.4,9/8/2026 12:00,6,USWC
47.56,-124.99,23.8,194.6,9/8/2026 12:00,6,USWC
47.56,-124.93,25.7,193.5,9/8/2026 12:00,6,USWC
47.56,-124.86,24.3,189.5,9/8/2026 12:00,6,USWC
47.56,-124.8,25,196.3,9/8/2026 12:00,6,USWC
47.56,-124.74,20.4,191.3,9/8/2026 12:00,6,USWC
47.56,-124.68,15.2,203.2,9/8/2026 12:00,6,USWC
47.56,-124.61,10,323.1,9/8/2026 12:00,6,USWC
47.62,-125.92,33,14,9/8/2026 12:00,6,USWC
47.62,-125.86,42.1,18,9/8/2026 12:00,6,USWC
47.62,-125.8,39.8,17.5,9/8/2026 12:00,6,USWC
47.62,-125.74,43.7,20.1,9/8/2026 12:00,6,USWC
47.62,-125.68,36.1,19.4,9/8/2026 12:00,6,USWC
47.62,-125.61,16.1,7.1,9/8/2026 12:00,6,USWC
47.62,-125.55,6.4,321.3,9/8/2026 12:00,6,USWC
47.62,-125.49,8,270,9/8/2026 12:00,6,USWC
47.62,-125.43,18.6,233.7,9/8/2026 12:00,6,USWC
47.62,-125.36,14.2,230.7,9/8/2026 12:00,6,USWC
47.62,-125.3,7.8,230.2,9/8/2026 12:00,6,USWC
47.62,-125.24,3.2,251.6,9/8/2026 12:00,6,USWC
47.62,-125.18,7.6,203.2,9/8/2026 12:00,6,USWC
47.62,-125.11,17.7,196.4,9/8/2026 12:00,6,USWC
47.62,-125.05,25.6,200.6,9/8/2026 12:00,6,USWC
47.62,-124.99,29.5,204,9/8/2026 12:00,6,USWC
47.62,-124.93,34.9,207.3,9/8/2026 12:00,6,USWC
47.62,-124.86,39.4,210.5,9/8/2026 12:00,6,USWC
47.62,-124.8,38.3,213.3,9/8/2026 12:00,6,USWC
47.62,-124.74,39.8,218.9,9/8/2026 12:00,6,USWC
47.62,-124.68,28.3,225,9/8/2026 12:00,6,USWC
47.67,-125.8,41.4,19.7,9/8/2026 12:00,6,USWC
47.67,-125.74,39.9,22.1,9/8/2026 12:00,6,USWC
47.67,-125.68,27.2,17.1,9/8/2026 12:00,6,USWC
47.67,-125.61,12.4,346,9/8/2026 12:00,6,USWC
47.67,-125.55,9.2,310.6,9/8/2026 12:00,6,USWC
47.67,-125.49,12,270,9/8/2026 12:00,6,USWC
47.67,-125.43,16.5,256,9/8/2026 12:00,6,USWC
47.67,-125.36,8,270,9/8/2026 12:00,6,USWC
47.67,-125.3,3.2,288.4,9/8/2026 12:00,6,USWC
47.67,-125.24,1.4,225,9/8/2026 12:00,6,USWC
47.67,-125.18,2.2,153.4,9/8/2026 12:00,6,USWC
47.67,-125.11,16.3,190.6,9/8/2026 12:00,6,USWC
47.67,-125.05,27.3,208.4,9/8/2026 12:00,6,USWC
47.67,-124.99,35,216.9,9/8/2026 12:00,6,USWC
47.67,-124.93,39.7,220.9,9/8/2026 12:00,6,USWC
47.67,-124.86,45.3,226.8,9/8/2026 12:00,6,USWC
47.67,-124.8,44,230.5,9/8/2026 12:00,6,USWC
47.67,-124.74,43.9,228.7,9/8/2026 12:00,6,USWC
47.73,-125.74,39,22.6,9/8/2026 12:00,6,USWC
47.73,-125.68,28.9,14,9/8/2026 12:00,6,USWC
47.73,-125.61,18,0,9/8/2026 12:00,6,USWC
47.73,-125.55,12.5,331.4,9/8/2026 12:00,6,USWC
47.73,-125.49,11.4,307.9,9/8/2026 12:00,6,USWC
47.73,-125.43,11.4,307.9,9/8/2026 12:00,6,USWC
47.73,-125.36,12.4,346,9/8/2026 12:00,6,USWC
47.73,-125.3,11,354.8,9/8/2026 12:00,6,USWC
47.73,-124.99,25.6,239.4,9/8/2026 12:00,6,USWC
47.78,-125.74,20,2.9,9/8/2026 12:00,6,USWC
47.78,-125.68,18,356.8,9/8/2026 12:00,6,USWC
47.78,-125.61,20,2.9,9/8/2026 12:00,6,USWC
47.78,-125.55,16.3,349.4,9/8/2026 12:00,6,USWC
47.78,-125.49,15.5,345.1,9/8/2026 12:00,6,USWC
47.78,-125.43,17,356.6,9/8/2026 12:00,6,USWC
47.78,-125.36,19,3,9/8/2026 12:00,6,USWC
47.78,-125.3,17,3.4,9/8/2026 12:00,6,USWC
47.78,-125.24,20.9,16.7,9/8/2026 12:00,6,USWC
47.83,-125.61,15.8,341.6,9/8/2026 12:00,6,USWC
47.83,-125.55,20,0,9/8/2026 12:00,6,USWC
47.83,-125.49,23.2,7.4,9/8/2026 12:00,6,USWC
47.83,-125.43,27.2,17.1,9/8/2026 12:00,6,USWC
47.83,-125.36,25.6,20.6,9/8/2026 12:00,6,USWC
47.83,-125.3,23.1,17.7,9/8/2026 12:00,6,USWC
47.83,-125.24,18.7,15.5,9/8/2026 12:00,6,USWC
47.89,-125.49,25.7,13.5,9/8/2026 12:00,6,USWC
47.89,-125.43,34.4,25.8,9/8/2026 12:00,6,USWC
47.89,-125.36,40,31.7,9/8/2026 12:00,6,USWC
47.89,-125.3,34.5,29.5,9/8/2026 12:00,6,USWC
47.89,-125.24,25.5,25.6,9/8/2026 12:00,6,USWC
47.94,-125.3,50.6,37.8,9/8/2026 12:00,6,USWC
