date,haul_id,fish_id,species,name_common,length,weight
1997-5-20,1001,6,Platichthys_stellatus,Starry_flounder,347.0,500.0
1997-5-20,1001,7,Platichthys_stellatus,Starry_flounder,341.0,430.0
1997-5-20,1001,8,Platichthys_stellatus,Starry_flounder,339.0,459.0
1997-5-20,1001,9,Platichthys_stellatus,Starry_flounder,337.0,398.0
1997-5-20,1001,10,Platichthys_stellatus,Starry_flounder,309.0,325.0
1997-5-21,1004,1,Oncorhynchus_tshawytscha,Chinook_Imm.,310.0,410.0
1997-5-21,1004,2,Oncorhynchus_tshawytscha,Chinook_Imm.,285.0,285.0
1997-5-21,1004,3,Oncorhynchus_tshawytscha,Chinook_Imm.,284.0,302.0
1997-5-21,1004,4,Oncorhynchus_tshawytscha,Chinook_Imm.,301.0,357.0
1997-5-21,1005,1,Oncorhynchus_tshawytscha,Chinook_Imm.,321.0,409.0
1997-5-21,1006,1,Theragra_chalcogramma,Walleye_pollock,550.0,980.0
1997-5-21,1006,2,Theragra_chalcogramma,Walleye_pollock,522.0,890.0
1997-5-21,1006,3,Theragra_chalcogramma,Walleye_pollock,537.0,1050.0
1997-5-21,1007,2,Oncorhynchus_tshawytscha,Chinook_Imm.,310.0,395.0
1997-5-21,1007,3,Oncorhynchus_tshawytscha,Chinook_Imm.,311.0,365.0
1997-5-21,1007,4,Theragra_chalcogramma,Walleye_pollock,489.0,900.0
1997-5-21,1007,5,Theragra_chalcogramma,Walleye_pollock,516.0,840.0
1997-5-21,1007,6,Theragra_chalcogramma,Walleye_pollock,398.0,470.0
1997-5-21,1007,7,Theragra_chalcogramma,Walleye_pollock,355.0,330.0
1997-5-21,1007,8,Theragra_chalcogramma,Walleye_pollock,493.0,950.0
1997-5-21,1007,9,Theragra_chalcogramma,Walleye_pollock,523.0,910.0
1997-5-21,1007,10,Theragra_chalcogramma,Walleye_pollock,534.0,895.0
1997-5-21,1007,11,Theragra_chalcogramma,Walleye_pollock,489.0,895.0
1997-5-21,1007,12,Theragra_chalcogramma,Walleye_pollock,502.0,890.0
1997-5-21,1007,13,Theragra_chalcogramma,Walleye_pollock,411.0,1100.0
1997-5-21,1007,14,Theragra_chalcogramma,Walleye_pollock,510.0,510.0
1997-5-22,1009,1,Oncorhynchus_tshawytscha,Chinook_Imm.,359.0,650.0
1997-5-22,1009,2,Oncorhynchus_tshawytscha,Chinook_Imm.,324.0,460.0
1997-5-22,1009,3,Oncorhynchus_tshawytscha,Chinook_Imm.,250.0,205.0
1997-5-22,1010,1,Oncorhynchus_tshawytscha,Chinook_Imm.,325.0,460.0
1997-5-24,1016,1,Oncorhynchus_tshawytscha,Chinook_Imm.,314.0,423.0
1997-5-24,1016,3,Theragra_chalcogramma,Walleye_pollock,255.0,110.0
1997-5-24,1016,4,Theragra_chalcogramma,Walleye_pollock,507.0,900.0
1997-5-24,1017,1,Oncorhynchus_tshawytscha,Chinook_Imm.,311.0,380.0
1997-5-24,1017,2,Oncorhynchus_tshawytscha,Chinook_Imm.,271.0,290.0
1997-5-24,1017,3,Oncorhynchus_tshawytscha,Chinook_Imm.,318.0,440.0
1997-5-24,1017,4,Oncorhynchus_tshawytscha,Chinook_Imm.,269.0,260.0
1997-5-24,1017,5,Theragra_chalcogramma,Walleye_pollock,318.0,282.0
1997-5-24,1017,6,Theragra_chalcogramma,Walleye_pollock,353.0,293.0
1997-5-24,1017,7,Theragra_chalcogramma,Walleye_pollock,327.0,263.0
1997-5-24,1017,8,Theragra_chalcogramma,Walleye_pollock,358.0,345.0
1997-5-24,1017,9,Theragra_chalcogramma,Walleye_pollock,367.0,350.0
1997-5-24,1017,10,Theragra_chalcogramma,Walleye_pollock,347.0,302.0
1997-5-24,1017,11,Theragra_chalcogramma,Walleye_pollock,350.0,296.0
1997-5-24,1017,12,Theragra_chalcogramma,Walleye_pollock,355.0,303.0
1997-5-24,1017,13,Theragra_chalcogramma,Walleye_pollock,268.0,138.0
1997-5-24,1017,14,Theragra_chalcogramma,Walleye_pollock,351.0,313.0
1997-5-24,1018,1,Oncorhynchus_tshawytscha,Chinook_Imm.,326.0,505.0
1997-5-24,1018,2,Theragra_chalcogramma,Walleye_pollock,516.0,828.0
1997-5-24,1018,3,Theragra_chalcogramma,Walleye_pollock,491.0,780.0
1997-5-24,1018,4,Theragra_chalcogramma,Walleye_pollock,542.0,852.0
1997-5-24,1018,5,Theragra_chalcogramma,Walleye_pollock,523.0,870.0
1997-5-24,1018,6,Theragra_chalcogramma,Walleye_pollock,517.0,909.0
1997-5-24,1018,7,Theragra_chalcogramma,Walleye_pollock,546.0,1008.0
1997-5-25,1020,1,Oncorhynchus_tshawytscha,Chinook_Imm.,238.0,154.0
1997-5-25,1020,2,Trichodon_trichodon,Pac._Sandfish,121.0,22.0
1997-5-25,1020,3,Trichodon_trichodon,Pac._Sandfish,135.0,32.0
1997-5-25,1020,4,Trichodon_trichodon,Pac._Sandfish,139.0,35.0
1997-5-25,1020,5,Trichodon_trichodon,Pac._Sandfish,218.0,176.0
1997-5-25,1020,6,Trichodon_trichodon,Pac._Sandfish,140.0,31.0
1997-5-25,1020,7,Trichodon_trichodon,Pac._Sandfish,145.0,45.0
1997-6-22,1021,1,Oncorhynchus_tshawytscha,Chinook_Imm.,366.0,679.0
1997-6-23,1026,209,Oncorhynchus_tshawytscha,Chinook_Imm.,445.0,934.0
1997-6-23,1027,74,Oncorhynchus_tshawytscha,Chinook_Imm.,347.0,550.0
1997-6-23,1027,75,Oncorhynchus_tshawytscha,Chinook_Imm.,325.0,450.0
1997-6-24,1030,1,Theragra_chalcogramma,Walleye_pollock,341.0,320.0
1997-6-24,1030,2,Theragra_chalcogramma,Walleye_pollock,343.0,310.0
1997-6-24,1030,3,Theragra_chalcogramma,Walleye_pollock,350.0,330.0
1997-6-24,1030,4,Theragra_chalcogramma,Walleye_pollock,360.0,370.0
1997-6-24,1030,5,Theragra_chalcogramma,Walleye_pollock,353.0,350.0
1997-6-24,1030,6,Theragra_chalcogramma,Walleye_pollock,360.0,390.0
1997-6-24,1030,7,Theragra_chalcogramma,Walleye_pollock,311.0,230.0
1997-6-25,1032,21,Squalus_acanthias,Spiny_dogfish,960.0,4300.0
1997-6-25,1032,22,Squalus_acanthias,Spiny_dogfish,1080.0,7100.0
1997-6-25,1032,23,Squalus_acanthias,Spiny_dogfish,830.0,2400.0
1997-6-25,1032,24,Squalus_acanthias,Spiny_dogfish,720.0,1500.0
1997-6-25,1032,25,Squalus_acanthias,Spiny_dogfish,880.0,2900.0
1997-6-25,1032,26,Squalus_acanthias,Spiny_dogfish,660.0,1100.0
1997-6-25,1032,27,Squalus_acanthias,Spiny_dogfish,780.0,2000.0
1997-6-25,1032,28,Squalus_acanthias,Spiny_dogfish,730.0,1600.0
1997-6-25,1032,29,Squalus_acanthias,Spiny_dogfish,750.0,1800.0
1997-6-25,1032,30,Squalus_acanthias,Spiny_dogfish,780.0,1900.0
1997-6-25,1033,6,Oncorhynchus_gorbuscha,Pink_Adult,519.0,1900.0
1997-6-25,1033,7,Oncorhynchus_gorbuscha,Pink_Adult,550.0,1800.0
1997-6-26,1039,93,Oncorhynchus_tshawytscha,Chinook_Imm.,333.0,490.0
1997-6-26,1039,94,Trichodon_trichodon,Pac._Sandfish,171.0,64.0
1997-8-25,1074,1,Oncorhynchus_kisutch,Coho_Adult,349.0,400.0
1997-8-25,1074,20,Anoplopoma_fimbria,Sablefish,199.0,70.0
1997-8-25,1074,21,Anoplopoma_fimbria,Sablefish,188.0,73.0
1997-8-25,1075,5,Anoplopoma_fimbria,Sablefish,182.0,65.0
1997-8-25,1075,11,Anoplopoma_fimbria,Sablefish,211.0,95.0
1997-8-26,1078,40,Anoplopoma_fimbria,Sablefish,202.0,81.0
1997-8-26,1078,41,Anoplopoma_fimbria,Sablefish,207.0,78.0
1997-8-26,1078,42,Anoplopoma_fimbria,Sablefish,203.0,76.0
1997-8-26,1078,43,Anoplopoma_fimbria,Sablefish,177.0,45.0
1997-10-2,1084,9,Trichodon_trichodon,Pac._Sandfish,194.0,85.0
1997-10-3,1087,27,Anoplopoma_fimbria,Sablefish,227.0,110.0
1997-10-3,1087,28,Anoplopoma_fimbria,Sablefish,224.0,90.0
1997-10-3,1087,29,Anoplopoma_fimbria,Sablefish,222.0,80.0
1997-10-3,1087,30,Anoplopoma_fimbria,Sablefish,225.0,120.0
1997-10-3,1087,31,Anoplopoma_fimbria,Sablefish,236.0,120.0
1997-10-3,1087,32,Anoplopoma_fimbria,Sablefish,219.0,80.0
1997-10-3,1087,33,Anoplopoma_fimbria,Sablefish,215.0,90.0
1997-10-3,1087,35,Anoplopoma_fimbria,Sablefish,234.0,120.0
1997-10-3,1087,36,Anoplopoma_fimbria,Sablefish,222.0,100.0
1998-5-16,2003,1,Oncorhynchus_tshawytscha,Chinook_Imm.,290.0,331.0
1998-5-16,2003,2,Theragra_chalcogramma,Walleye_pollock,431.0,520.0
1998-5-16,2003,3,Theragra_chalcogramma,Walleye_pollock,414.0,435.0
1998-5-16,2003,4,Theragra_chalcogramma,Walleye_pollock,547.0,1020.0
1998-5-16,2003,5,Theragra_chalcogramma,Walleye_pollock,433.0,535.0
1998-5-16,2003,6,Theragra_chalcogramma,Walleye_pollock,569.0,1000.0
1998-5-16,2004,5,Oncorhynchus_tshawytscha,Chinook_Imm.,372.0,701.0
1998-5-16,2004,6,Oncorhynchus_tshawytscha,Chinook_Imm.,305.0,383.0
1998-5-16,2004,7,Oncorhynchus_tshawytscha,Chinook_Imm.,371.0,661.0
1998-5-16,2004,8,Oncorhynchus_tshawytscha,Chinook_Imm.,509.0,1561.0
1998-5-16,2005,1,Theragra_chalcogramma,Walleye_pollock,485.0,850.0
1998-5-16,2005,2,Theragra_chalcogramma,Walleye_pollock,527.0,920.0
1998-5-16,2005,3,Theragra_chalcogramma,Walleye_pollock,539.0,940.0
1998-5-17,2007,3,Oncorhynchus_tshawytscha,Chinook_Imm.,337.0,493.0
1998-5-17,2007,4,Oncorhynchus_tshawytscha,Chinook_Imm.,326.0,485.0
1998-5-17,2007,5,Oncorhynchus_tshawytscha,Chinook_Imm.,351.0,550.0
1998-5-17,2007,6,Oncorhynchus_tshawytscha,Chinook_Imm.,321.0,412.0
1998-5-17,2007,7,Oncorhynchus_tshawytscha,Chinook_Imm.,282.0,300.0
1998-5-17,2007,8,Oncorhynchus_tshawytscha,Chinook_Imm.,371.0,657.0
1998-5-17,2007,9,Oncorhynchus_tshawytscha,Chinook_Imm.,356.0,578.0
1998-5-17,2007,10,Oncorhynchus_tshawytscha,Chinook_Imm.,343.0,516.0
1998-5-17,2007,11,Oncorhynchus_tshawytscha,Chinook_Imm.,298.0,360.0
1998-5-17,2007,12,Oncorhynchus_tshawytscha,Chinook_Imm.,355.0,586.0
1998-5-17,2007,14,Theragra_chalcogramma,Walleye_pollock,513.0,790.0
1998-5-17,2007,15,Theragra_chalcogramma,Walleye_pollock,468.0,700.0
1998-5-17,2007,16,Theragra_chalcogramma,Walleye_pollock,498.0,740.0
1998-5-17,2007,17,Theragra_chalcogramma,Walleye_pollock,537.0,950.0
1998-5-17,2007,18,Theragra_chalcogramma,Walleye_pollock,494.0,810.0
1998-5-17,2007,19,Theragra_chalcogramma,Walleye_pollock,460.0,680.0
1998-5-17,2007,20,Theragra_chalcogramma,Walleye_pollock,504.0,775.0
1998-5-17,2007,21,Theragra_chalcogramma,Walleye_pollock,524.0,990.0
1998-5-17,2007,22,Theragra_chalcogramma,Walleye_pollock,510.0,900.0
1998-5-17,2008,1,Oncorhynchus_tshawytscha,Chinook_Imm.,430.0,924.0
1998-5-17,2008,2,Oncorhynchus_tshawytscha,Chinook_Imm.,326.0,479.0
1998-5-17,2008,3,Oncorhynchus_tshawytscha,Chinook_Imm.,322.0,407.0
1998-5-17,2008,4,Theragra_chalcogramma,Walleye_pollock,509.0,695.0
1998-5-17,2009,7,Oncorhynchus_tshawytscha,Chinook_Imm.,319.0,398.0
1998-5-17,2009,8,Theragra_chalcogramma,Walleye_pollock,521.0,880.0
1998-5-17,2009,9,Theragra_chalcogramma,Walleye_pollock,545.0,900.0
1998-5-17,2009,10,Theragra_chalcogramma,Walleye_pollock,507.0,800.0
1998-5-17,2009,11,Theragra_chalcogramma,Walleye_pollock,532.0,840.0
1998-5-17,2009,13,Theragra_chalcogramma,Walleye_pollock,524.0,945.0
1998-5-17,2009,14,Theragra_chalcogramma,Walleye_pollock,504.0,715.0
1998-5-17,2009,15,Theragra_chalcogramma,Walleye_pollock,541.0,760.0
1998-5-17,2010,1,Oncorhynchus_tshawytscha,Chinook_Imm.,347.0,552.0
1998-5-17,2011,1,Oncorhynchus_tshawytscha,Chinook_Imm.,297.0,355.0
1998-5-17,2011,4,Theragra_chalcogramma,Walleye_pollock,543.0,805.0
1998-6-24,2014,9,Oncorhynchus_tshawytscha,Chinook_Imm.,367.0,630.0
1998-6-24,2014,10,Oncorhynchus_tshawytscha,Chinook_Imm.,335.0,495.0
1998-6-24,2014,11,Oncorhynchus_tshawytscha,Chinook_Imm.,321.0,400.0
1998-6-24,2014,12,Trichodon_trichodon,Pac._Sandfish,175.0,79.0
1998-6-24,2014,13,Platichthys_stellatus,Starry_flounder,295.0,310.0
1998-6-24,2015,16,Oncorhynchus_tshawytscha,Chinook_Imm.,396.0,800.0
1998-6-25,2016,5,Oncorhynchus_kisutch,Coho_Adult,585.0,2500.0
1998-6-25,2016,6,Oncorhynchus_gorbuscha,Pink_Adult,585.0,2700.0
1998-6-25,2016,9,Oncorhynchus_tshawytscha,Chinook_Imm.,395.0,830.0
1998-6-25,2016,10,Oncorhynchus_tshawytscha,Chinook_Imm.,354.0,630.0
1998-6-25,2016,11,Oncorhynchus_tshawytscha,Chinook_Imm.,401.0,910.0
1998-6-25,2016,12,Oncorhynchus_tshawytscha,Chinook_Imm.,355.0,570.0
1998-6-25,2016,13,Oncorhynchus_tshawytscha,Chinook_Imm.,415.0,800.0
1998-6-25,2016,14,Oncorhynchus_tshawytscha,Chinook_Imm.,377.0,750.0
1998-6-25,2016,15,Oncorhynchus_tshawytscha,Chinook_Imm.,356.0,570.0
1998-6-25,2016,16,Oncorhynchus_tshawytscha,Chinook_Imm.,359.0,570.0
1998-6-26,2020,8,Squalus_acanthias,Spiny_dogfish,840.0,4200.0
1998-6-26,2021,6,Oncorhynchus_keta,Chum_Adult,675.0,3600.0
1998-6-26,2021,7,Sebastes_melanops,Black_rockfish,472.0,2100.0
1998-6-26,2021,8,Sebastes_melanops,Black_rockfish,593.0,3800.0
1998-6-26,2023,1,Oncorhynchus_keta,Chum_Adult,650.0,4000.0
1998-6-26,2023,3,Oncorhynchus_gorbuscha,Pink_Adult,479.0,1300.0
1998-6-26,2023,4,Squalus_acanthias,Spiny_dogfish,585.0,1100.0
1998-6-26,2023,5,Squalus_acanthias,Spiny_dogfish,635.0,1400.0
1998-6-26,2023,6,Squalus_acanthias,Spiny_dogfish,601.0,1300.0
1998-6-27,2024,16,Oncorhynchus_keta,Chum_Adult,737.0,5200.0
1998-6-27,2024,17,Oncorhynchus_kisutch,Coho_Adult,667.0,3700.0
1998-6-27,2024,18,Oncorhynchus_kisutch,Coho_Adult,595.0,2800.0
1998-6-27,2024,26,Squalus_acanthias,Spiny_dogfish,579.0,1250.0
1998-6-27,2025,3,Squalus_acanthias,Spiny_dogfish,556.0,900.0
1998-6-27,2026,4,Anoplopoma_fimbria,Sablefish_1ocean,353.0,600.0
1998-6-28,2029,8,Oncorhynchus_kisutch,Coho_Adult,571.0,2300.0
1998-6-29,2035,116,Oncorhynchus_tshawytscha,Chinook_Imm.,511.0,2200.0
1998-7-20,2038,39,Oncorhynchus_gorbuscha,Pink_Adult,390.0,480.0
1998-7-20,2038,42,Platichthys_stellatus,Starry_flounder,290.0,240.0
1998-7-21,2040,146,Oncorhynchus_tshawytscha,Chinook_Imm.,320.0,460.0
1998-7-21,2040,147,Oncorhynchus_tshawytscha,Chinook_Imm.,378.0,810.0
1998-7-21,2041,159,Oncorhynchus_tshawytscha,Chinook_Imm.,343.0,650.0
1998-7-21,2041,160,Oncorhynchus_tshawytscha,Chinook_Imm.,381.0,851.0
1998-7-21,2041,161,Oncorhynchus_tshawytscha,Chinook_Imm.,401.0,820.0
1998-7-21,2041,162,Oncorhynchus_tshawytscha,Chinook_Imm.,351.0,540.0
1998-7-21,2041,163,Oncorhynchus_tshawytscha,Chinook_Imm.,357.0,705.0
1998-7-21,2041,164,Oncorhynchus_keta,Chum_Adult,570.0,2650.0
1998-7-21,2043,195,Oncorhynchus_gorbuscha,Pink_Adult,469.0,1400.0
1998-7-22,2044,31,Oncorhynchus_tshawytscha,Chinook_Imm.,353.0,720.0
1998-7-22,2044,32,Oncorhynchus_gorbuscha,Pink_Adult,458.0,110.0
1998-7-22,2044,33,Oncorhynchus_gorbuscha,Pink_Adult,485.0,1450.0
1998-7-22,2044,34,Oncorhynchus_gorbuscha,Pink_Adult,537.0,2000.0
1998-7-22,2044,35,Oncorhynchus_gorbuscha,Pink_Adult,597.0,2850.0
1998-7-22,2044,36,Oncorhynchus_keta,Chum_Adult,625.0,3050.0
1998-7-22,2044,37,Oncorhynchus_keta,Chum_Adult,685.0,4000.0
1998-7-22,2046,117,Oncorhynchus_tshawytscha,Chinook_Imm.,399.0,950.0
1998-7-22,2046,118,Oncorhynchus_gorbuscha,Pink_Adult,490.0,4600.0
1998-7-22,2046,119,Oncorhynchus_gorbuscha,Pink_Adult,485.0,4500.0
1998-7-22,2046,120,Oncorhynchus_kisutch,Coho_Adult,622.0,3000.0
1998-7-22,2046,122,Anoplopoma_fimbria,Sablefish_1ocean,324.0,500.0
1998-7-22,2046,123,Anoplopoma_fimbria,Sablefish_1ocean,355.0,600.0
1998-7-23,2051,23,Oncorhynchus_tshawytscha,Chinook_Imm.,435.0,1089.0
1998-7-23,2050,185,Oncorhynchus_tshawytscha,Chinook_Imm.,397.0,850.0
1998-7-24,2052,39,Squalus_acanthias,Spiny_dogfish,638.0,1400.0
1998-7-24,2052,50,Squalus_acanthias,Spiny_dogfish,496.0,700.0
1998-7-24,2052,53,Squalus_acanthias,Spiny_dogfish,567.0,900.0
1998-7-24,2052,56,Squalus_acanthias,Spiny_dogfish,605.0,1200.0
1998-7-24,2052,59,Squalus_acanthias,Spiny_dogfish,617.0,1200.0
1998-7-24,2052,64,Squalus_acanthias,Spiny_dogfish,555.0,900.0
1998-7-24,2052,72,Squalus_acanthias,Spiny_dogfish,658.0,1700.0
1998-7-24,2052,76,Squalus_acanthias,Spiny_dogfish,526.0,800.0
1998-7-24,2052,84,Squalus_acanthias,Spiny_dogfish,522.0,700.0
1998-7-24,2052,86,Squalus_acanthias,Spiny_dogfish,623.0,1200.0
1998-7-24,2052,89,Squalus_acanthias,Spiny_dogfish,655.0,1500.0
1998-7-24,2052,99,Squalus_acanthias,Spiny_dogfish,532.0,800.0
1998-7-24,2052,100,Squalus_acanthias,Spiny_dogfish,511.0,700.0
1998-7-24,2055,1,Oncorhynchus_kisutch,Coho_Adult,335.0,475.0
1998-7-25,2059,38,Oncorhynchus_kisutch,Coho_Adult,613.0,2800.0
1998-7-25,2059,39,Oncorhynchus_gorbuscha,Pink_Adult,475.0,1580.0
1998-7-27,2065,24,Oncorhynchus_gorbuscha,Pink_Adult,473.0,1160.0
1998-7-27,2066,18,Oncorhynchus_keta,Chum_Adult,643.0,3500.0
1998-7-27,2067,9,Oncorhynchus_keta,Chum_Adult,665.0,3700.0
1998-8-26,2077,3,Oncorhynchus_tshawytscha,Chinook_Imm.,481.0,1450.0
1998-8-26,2079,6,Oncorhynchus_kisutch,Coho_Adult,604.0,2600.0
1998-8-27,2081,1,Oncorhynchus_tshawytscha,Chinook_Imm.,660.0,4300.0
1998-8-27,2084,17,Oncorhynchus_tshawytscha,Chinook_Imm.,498.0,1400.0
1998-8-27,2084,18,Oncorhynchus_kisutch,Coho_Adult,555.0,2000.0
1998-8-29,2088,48,Oncorhynchus_kisutch,Coho_Adult,651.0,3400.0
1998-8-29,2088,49,Oncorhynchus_kisutch,Coho_Adult,686.0,4400.0
1998-8-29,2088,50,Oncorhynchus_kisutch,Coho_Adult,645.0,3800.0
1998-8-29,2089,72,Oncorhynchus_kisutch,Coho_Adult,639.0,6500.0
1998-8-29,2089,73,Oncorhynchus_kisutch,Coho_Adult,762.0,3500.0
1998-8-29,2090,54,Oncorhynchus_kisutch,Coho_Adult,625.0,3300.0
1998-8-29,2090,55,Sebastes_melanops,Black_rockfish,500.0,2100.0
1998-8-30,2095,1,Oncorhynchus_kisutch,Coho_Adult,746.0,6300.0
1998-8-30,2095,2,Oncorhynchus_kisutch,Coho_Adult,665.0,3800.0
1998-10-7,2103,42,Oncorhynchus_kisutch,Coho_Adult,771.0,5300.0
1999-5-21,3005,1,Oncorhynchus_tshawytscha,Chinook_Imm.,304.0,385.0
1999-5-21,3005,2,Oncorhynchus_tshawytscha,Chinook_Imm.,340.0,505.0
1999-5-21,3005,3,Theragra_chalcogramma,Walleye_pollock,421.0,450.0
1999-5-21,3005,4,Theragra_chalcogramma,Walleye_pollock,519.0,775.0
1999-5-21,3006,4,Theragra_chalcogramma,Walleye_pollock,604.0,920.0
1999-5-21,3006,5,Theragra_chalcogramma,Walleye_pollock,478.0,620.0
1999-5-21,3006,6,Theragra_chalcogramma,Walleye_pollock,528.0,690.0
1999-5-21,3006,7,Theragra_chalcogramma,Walleye_pollock,526.0,800.0
1999-5-21,3006,8,Theragra_chalcogramma,Walleye_pollock,558.0,930.0
1999-5-21,3006,9,Theragra_chalcogramma,Walleye_pollock,537.0,1050.0
1999-5-21,3006,10,Theragra_chalcogramma,Walleye_pollock,537.0,800.0
1999-5-21,3006,11,Theragra_chalcogramma,Walleye_pollock,546.0,840.0
1999-5-21,3006,12,Theragra_chalcogramma,Walleye_pollock,413.0,400.0
1999-5-21,3007,1,Oncorhynchus_tshawytscha,Chinook_Imm.,295.0,360.0
1999-5-21,3007,39,Theragra_chalcogramma,Walleye_pollock,445.0,650.0
1999-5-21,3007,40,Theragra_chalcogramma,Walleye_pollock,401.0,510.0
1999-5-21,3007,41,Theragra_chalcogramma,Walleye_pollock,419.0,450.0
1999-5-21,3007,42,Theragra_chalcogramma,Walleye_pollock,384.0,400.0
1999-5-21,3007,43,Theragra_chalcogramma,Walleye_pollock,498.0,690.0
1999-5-21,3007,44,Theragra_chalcogramma,Walleye_pollock,435.0,550.0
1999-5-21,3007,45,Theragra_chalcogramma,Walleye_pollock,519.0,900.0
1999-5-21,3007,46,Theragra_chalcogramma,Walleye_pollock,550.0,1150.0
1999-5-21,3007,47,Theragra_chalcogramma,Walleye_pollock,405.0,475.0
1999-5-21,3007,48,Theragra_chalcogramma,Walleye_pollock,438.0,700.0
1999-5-21,3008,1,Oncorhynchus_tshawytscha,Chinook_Imm.,325.0,420.0
1999-5-21,3008,2,Oncorhynchus_tshawytscha,Chinook_Imm.,505.0,1575.0
1999-5-21,3008,3,Oncorhynchus_tshawytscha,Chinook_Imm.,295.0,300.0
1999-5-21,3008,5,Theragra_chalcogramma,Walleye_pollock,521.0,850.0
1999-5-21,3008,6,Theragra_chalcogramma,Walleye_pollock,523.0,775.0
1999-5-21,3008,7,Theragra_chalcogramma,Walleye_pollock,557.0,900.0
1999-5-21,3008,8,Theragra_chalcogramma,Walleye_pollock,553.0,1100.0
1999-5-21,3008,9,Theragra_chalcogramma,Walleye_pollock,537.0,900.0
1999-5-21,3008,10,Theragra_chalcogramma,Walleye_pollock,551.0,800.0
1999-5-21,3008,11,Theragra_chalcogramma,Walleye_pollock,532.0,800.0
1999-5-21,3008,12,Theragra_chalcogramma,Walleye_pollock,570.0,1000.0
1999-5-21,3008,13,Theragra_chalcogramma,Walleye_pollock,508.0,690.0
1999-6-26,3017,27,Oncorhynchus_tshawytscha,Chinook_Imm.,232.0,160.0
1999-6-26,3017,28,Oncorhynchus_tshawytscha,Chinook_Imm.,328.0,470.0
1999-6-26,3017,31,Trichodon_trichodon,Pac._Sandfish,162.0,54.0
1999-6-27,3019,5,Squalus_acanthias,Spiny_dogfish,701.0,2250.0
1999-6-27,3020,1,Oncorhynchus_kisutch,Coho_Adult,514.0,1600.0
1999-6-27,3020,6,Squalus_acanthias,Spiny_dogfish,914.0,4100.0
1999-6-27,3020,7,Squalus_acanthias,Spiny_dogfish,864.0,4200.0
1999-6-27,3020,9,Squalus_acanthias,Spiny_dogfish,889.0,4300.0
1999-6-27,3020,10,Squalus_acanthias,Spiny_dogfish,965.0,5200.0
1999-6-27,3020,11,Squalus_acanthias,Spiny_dogfish,787.0,3800.0
1999-6-27,3020,12,Squalus_acanthias,Spiny_dogfish,572.0,900.0
1999-6-27,3020,13,Squalus_acanthias,Spiny_dogfish,584.0,1200.0
1999-6-28,3023,1,Oncorhynchus_gorbuscha,Pink_Adult,451.0,1100.0
1999-6-28,3023,2,Oncorhynchus_gorbuscha,Pink_Adult,479.0,1350.0
1999-6-28,3023,3,Oncorhynchus_gorbuscha,Pink_Adult,520.0,1800.0
1999-6-28,3023,4,Theragra_chalcogramma,Walleye_pollock,528.0,600.0
1999-6-28,3024,1,Oncorhynchus_gorbuscha,Pink_Adult,426.0,700.0
1999-6-28,3024,2,Oncorhynchus_gorbuscha,Pink_Adult,504.0,1500.0
1999-6-28,3024,3,Theragra_chalcogramma,Walleye_pollock,521.0,700.0
1999-6-28,3024,4,Theragra_chalcogramma,Walleye_pollock,528.0,800.0
1999-6-28,3024,5,Theragra_chalcogramma,Walleye_pollock,557.0,750.0
1999-6-29,3028,98,Oncorhynchus_tshawytscha,Chinook_Imm.,340.0,500.0
1999-6-29,3028,99,Oncorhynchus_tshawytscha,Chinook_Imm.,366.0,660.0
1999-6-29,3028,146,Anoplopoma_fimbria,Sablefish_1ocean,303.0,300.0
1999-6-29,3028,147,Anoplopoma_fimbria,Sablefish_1ocean,326.0,380.0
1999-6-29,3028,148,Anoplopoma_fimbria,Sablefish_1ocean,285.0,220.0
1999-6-29,3028,149,Anoplopoma_fimbria,Sablefish_1ocean,308.0,320.0
1999-6-29,3028,151,Oncorhynchus_nerka,Sockeye_Adult,699.0,4000.0
1999-6-29,3029,84,Oncorhynchus_gorbuscha,Pink_Adult,445.0,1100.0
1999-6-29,3029,85,Oncorhynchus_tshawytscha,Chinook_Imm.,328.0,450.0
1999-6-29,3029,86,Oncorhynchus_tshawytscha,Chinook_Imm.,456.0,1250.0
1999-6-29,3029,87,Oncorhynchus_tshawytscha,Chinook_Imm.,365.0,575.0
1999-6-30,3031,4,Oncorhynchus_gorbuscha,Pink_Adult,438.0,990.0
1999-6-30,3031,5,Oncorhynchus_gorbuscha,Pink_Adult,450.0,1100.0
1999-7-1,3036,41,Anoplopoma_fimbria,Sablefish_1ocean,324.0,325.0
1999-7-1,3036,42,Theragra_chalcogramma,Walleye_pollock,543.0,660.0
1999-7-1,3034,16,Oncorhynchus_tshawytscha,Chinook_Imm.,329.0,597.0
1999-7-1,3034,17,Oncorhynchus_tshawytscha,Chinook_Imm.,318.0,370.0
1999-7-1,3034,19,Oncorhynchus_tshawytscha,Chinook_Imm.,459.0,1100.0
1999-7-1,3034,20,Oncorhynchus_gorbuscha,Pink_Adult,535.0,1800.0
1999-7-1,3034,21,Oncorhynchus_gorbuscha,Pink_Adult,555.0,2100.0
1999-7-1,3034,22,Theragra_chalcogramma,Walleye_pollock,456.0,610.0
1999-7-1,3034,23,Theragra_chalcogramma,Walleye_pollock,467.0,550.0
1999-7-1,3035,87,Oncorhynchus_tshawytscha,Chinook_Imm.,316.0,430.0
1999-7-1,3035,88,Oncorhynchus_tshawytscha,Chinook_Imm.,316.0,420.0
1999-7-1,3035,89,Oncorhynchus_tshawytscha,Chinook_Imm.,326.0,500.0
1999-7-1,3035,90,Oncorhynchus_tshawytscha,Chinook_Imm.,401.0,800.0
1999-7-1,3035,92,Oncorhynchus_tshawytscha,Chinook_Imm.,407.0,825.0
1999-7-1,3035,94,Theragra_chalcogramma,Walleye_pollock,450.0,600.0
1999-7-1,3035,95,Theragra_chalcogramma,Walleye_pollock,539.0,810.0
1999-7-1,3037,362,Oncorhynchus_tshawytscha,Chinook_Imm.,559.0,2100.0
1999-7-1,3037,363,Oncorhynchus_tshawytscha,Chinook_Imm.,603.0,3050.0
1999-7-24,3040,10,Platichthys_stellatus,Starry_flounder,380.0,640.0
1999-7-24,3041,134,Oncorhynchus_gorbuscha,Pink_Adult,466.0,1100.0
1999-7-24,3041,138,Oncorhynchus_tshawytscha,Chinook_Imm.,376.0,700.0
1999-7-24,3041,139,Anoplopoma_fimbria,Sablefish_1ocean,333.0,400.0
1999-7-24,3041,140,Anoplopoma_fimbria,Sablefish_1ocean,343.0,450.0
1999-7-24,3041,141,Anoplopoma_fimbria,Sablefish_1ocean,338.0,440.0
1999-7-24,3041,142,Anoplopoma_fimbria,Sablefish_1ocean,366.0,460.0
1999-7-24,3041,143,Anoplopoma_fimbria,Sablefish_1ocean,333.0,370.0
1999-7-24,3041,144,Anoplopoma_fimbria,Sablefish_1ocean,341.0,450.0
1999-7-24,3041,145,Anoplopoma_fimbria,Sablefish_1ocean,328.0,390.0
1999-7-24,3041,146,Anoplopoma_fimbria,Sablefish_1ocean,329.0,390.0
1999-7-24,3041,147,Anoplopoma_fimbria,Sablefish_1ocean,353.0,510.0
1999-7-24,3041,148,Anoplopoma_fimbria,Sablefish_1ocean,341.0,380.0
1999-7-24,3041,149,Anoplopoma_fimbria,Sablefish_1ocean,353.0,500.0
1999-7-24,3041,150,Anoplopoma_fimbria,Sablefish_1ocean,343.0,420.0
1999-7-24,3041,151,Anoplopoma_fimbria,Sablefish_1ocean,349.0,450.0
1999-7-24,3041,152,Anoplopoma_fimbria,Sablefish_1ocean,351.0,450.0
1999-7-24,3041,153,Anoplopoma_fimbria,Sablefish_1ocean,355.0,480.0
1999-7-24,3041,154,Anoplopoma_fimbria,Sablefish_1ocean,320.0,310.0
1999-7-24,3041,155,Anoplopoma_fimbria,Sablefish_1ocean,357.0,470.0
1999-7-24,3041,156,Anoplopoma_fimbria,Sablefish_1ocean,339.0,420.0
1999-7-24,3041,157,Anoplopoma_fimbria,Sablefish_1ocean,329.0,400.0
1999-7-24,3041,158,Anoplopoma_fimbria,Sablefish_1ocean,312.0,300.0
1999-7-24,3041,159,Anoplopoma_fimbria,Sablefish_1ocean,326.0,390.0
1999-7-24,3041,160,Anoplopoma_fimbria,Sablefish_1ocean,333.0,400.0
1999-7-24,3041,161,Anoplopoma_fimbria,Sablefish_1ocean,359.0,450.0
1999-7-24,3041,162,Anoplopoma_fimbria,Sablefish_1ocean,359.0,500.0
1999-7-25,3042,98,Trichodon_trichodon,Pac._Sandfish,183.0,95.0
1999-7-25,3042,99,Oncorhynchus_gorbuscha,Pink_Adult,477.0,1200.0
1999-7-26,3048,12,Oncorhynchus_gorbuscha,Pink_Adult,519.0,1900.0
1999-7-27,3049,15,Oncorhynchus_tshawytscha,Chinook_Imm.,389.0,800.0
1999-7-27,3049,16,Oncorhynchus_tshawytscha,Chinook_Imm.,445.0,1130.0
1999-7-27,3049,17,Oncorhynchus_gorbuscha,Pink_Adult,481.0,1150.0
1999-7-27,3049,18,Oncorhynchus_gorbuscha,Pink_Adult,483.0,1140.0
1999-7-27,3049,19,Oncorhynchus_gorbuscha,Pink_Adult,479.0,1200.0
1999-7-27,3049,20,Oncorhynchus_gorbuscha,Pink_Adult,490.0,1300.0
1999-7-27,3049,21,Oncorhynchus_gorbuscha,Pink_Adult,541.0,1900.0
1999-7-27,3049,22,Oncorhynchus_gorbuscha,Pink_Adult,448.0,900.0
1999-7-27,3049,23,Oncorhynchus_gorbuscha,Pink_Adult,473.0,1100.0
1999-7-27,3049,24,Oncorhynchus_gorbuscha,Pink_Adult,543.0,1900.0
1999-7-27,3049,25,Oncorhynchus_gorbuscha,Pink_Adult,442.0,1600.0
1999-7-27,3049,26,Oncorhynchus_gorbuscha,Pink_Adult,500.0,1250.0
1999-7-27,3049,27,Oncorhynchus_gorbuscha,Pink_Adult,495.0,1300.0
1999-7-27,3049,28,Oncorhynchus_gorbuscha,Pink_Adult,494.0,1300.0
1999-7-27,3049,29,Oncorhynchus_gorbuscha,Pink_Adult,516.0,1550.0
1999-7-27,3049,30,Oncorhynchus_gorbuscha,Pink_Adult,487.0,1250.0
1999-7-27,3049,31,Oncorhynchus_gorbuscha,Pink_Adult,429.0,950.0
1999-7-27,3049,32,Oncorhynchus_gorbuscha,Pink_Adult,416.0,900.0
1999-7-27,3049,33,Oncorhynchus_gorbuscha,Pink_Adult,429.0,700.0
1999-7-27,3049,34,Oncorhynchus_gorbuscha,Pink_Adult,461.0,1100.0
1999-7-27,3049,35,Oncorhynchus_gorbuscha,Pink_Adult,528.0,1600.0
1999-7-27,3049,36,Oncorhynchus_gorbuscha,Pink_Adult,499.0,1400.0
1999-7-27,3049,37,Oncorhynchus_gorbuscha,Pink_Adult,464.0,1250.0
1999-7-27,3050,65,Oncorhynchus_tshawytscha,Chinook_Imm.,367.0,650.0
1999-7-27,3050,66,Anoplopoma_fimbria,Sablefish_1ocean,359.0,490.0
1999-7-27,3050,67,Anoplopoma_fimbria,Sablefish_1ocean,371.0,480.0
1999-7-27,3050,68,Anoplopoma_fimbria,Sablefish_1ocean,344.0,425.0
1999-7-27,3050,69,Anoplopoma_fimbria,Sablefish_1ocean,341.0,440.0
1999-7-27,3050,70,Anoplopoma_fimbria,Sablefish_1ocean,341.0,460.0
1999-7-27,3050,71,Anoplopoma_fimbria,Sablefish_1ocean,365.0,500.0
1999-7-27,3050,72,Anoplopoma_fimbria,Sablefish_1ocean,343.0,430.0
1999-7-27,3050,118,Oncorhynchus_tshawytscha,Chinook_Imm.,1140.0,29000.0
1999-7-27,3051,301,Anoplopoma_fimbria,Sablefish_1ocean,351.0,520.0
1999-7-27,3051,302,Anoplopoma_fimbria,Sablefish_1ocean,347.0,530.0
1999-7-27,3051,303,Anoplopoma_fimbria,Sablefish_1ocean,332.0,410.0
1999-7-27,3051,304,Anoplopoma_fimbria,Sablefish_1ocean,349.0,470.0
1999-7-27,3051,305,Anoplopoma_fimbria,Sablefish_1ocean,350.0,400.0
1999-7-27,3051,306,Anoplopoma_fimbria,Sablefish_1ocean,338.0,480.0
1999-7-27,3051,307,Anoplopoma_fimbria,Sablefish_1ocean,339.0,420.0
1999-7-27,3051,308,Anoplopoma_fimbria,Sablefish_1ocean,369.0,510.0
1999-7-27,3051,309,Anoplopoma_fimbria,Sablefish_1ocean,362.0,590.0
1999-7-27,3051,310,Anoplopoma_fimbria,Sablefish_1ocean,339.0,460.0
1999-7-27,3051,311,Anoplopoma_fimbria,Sablefish_1ocean,353.0,460.0
1999-7-27,3051,312,Anoplopoma_fimbria,Sablefish_1ocean,349.0,505.0
1999-7-27,3051,313,Anoplopoma_fimbria,Sablefish_1ocean,338.0,440.0
1999-7-27,3051,314,Anoplopoma_fimbria,Sablefish_1ocean,351.0,490.0
1999-7-27,3051,315,Anoplopoma_fimbria,Sablefish_1ocean,345.0,425.0
1999-7-27,3051,316,Anoplopoma_fimbria,Sablefish_1ocean,351.0,510.0
1999-7-27,3051,317,Anoplopoma_fimbria,Sablefish_1ocean,345.0,420.0
1999-7-27,3051,318,Anoplopoma_fimbria,Sablefish_1ocean,335.0,415.0
1999-7-27,3052,189,Oncorhynchus_tshawytscha,Chinook_Imm.,362.0,640.0
1999-7-27,3052,241,Oncorhynchus_kisutch,Coho_Adult,634.0,3100.0
1999-7-27,3052,242,Oncorhynchus_tshawytscha,Chinook_Imm.,322.0,450.0
1999-7-27,3052,243,Oncorhynchus_gorbuscha,Pink_Adult,541.0,1600.0
1999-7-27,3052,244,Oncorhynchus_gorbuscha,Pink_Adult,468.0,1200.0
1999-7-27,3052,245,Oncorhynchus_gorbuscha,Pink_Adult,501.0,1550.0
1999-7-27,3052,246,Oncorhynchus_gorbuscha,Pink_Adult,466.0,1050.0
1999-7-27,3052,247,Oncorhynchus_gorbuscha,Pink_Adult,464.0,1050.0
1999-7-27,3052,248,Oncorhynchus_gorbuscha,Pink_Adult,495.0,1300.0
1999-7-27,3052,249,Oncorhynchus_gorbuscha,Pink_Adult,474.0,1300.0
1999-7-27,3052,250,Oncorhynchus_gorbuscha,Pink_Adult,480.0,1200.0
1999-7-27,3052,251,Theragra_chalcogramma,Walleye_pollock,511.0,600.0
1999-7-28,3054,3,Sebastes_melanops,Black_rockfish,574.0,3100.0
1999-7-28,3055,1,Anoplopoma_fimbria,Sablefish_1ocean,347.0,450.0
1999-7-28,3055,2,Anoplopoma_fimbria,Sablefish_1ocean,341.0,450.0
1999-7-28,3055,3,Anoplopoma_fimbria,Sablefish_1ocean,357.0,550.0
1999-7-28,3056,1,Oncorhynchus_keta,Chum_1_Ocean,396.0,800.0
1999-7-28,3056,2,Oncorhynchus_gorbuscha,Pink_Adult,534.0,1900.0
1999-7-28,3056,3,Oncorhynchus_gorbuscha,Pink_Adult,476.0,1200.0
1999-7-28,3056,4,Oncorhynchus_gorbuscha,Pink_Adult,441.0,1000.0
1999-7-28,3056,5,Oncorhynchus_gorbuscha,Pink_Adult,451.0,1200.0
1999-7-29,3058,18,Oncorhynchus_gorbuscha,Pink_Adult,449.0,2000.0
1999-7-29,3058,19,Oncorhynchus_gorbuscha,Pink_Adult,446.0,1150.0
1999-7-29,3058,20,Oncorhynchus_gorbuscha,Pink_Adult,448.0,1750.0
1999-7-29,3058,21,Anoplopoma_fimbria,Sablefish_1ocean,342.0,500.0
1999-7-29,3060,3,Anoplopoma_fimbria,Sablefish_1ocean,343.0,250.0
1999-7-29,3057,8,Oncorhynchus_gorbuscha,Pink_Adult,481.0,1300.0
1999-7-29,3057,9,Oncorhynchus_gorbuscha,Pink_Adult,472.0,1400.0
1999-7-30,3061,16,Trichodon_trichodon,Pac._Sandfish,199.0,110.0
1999-8-20,3064,4,Anoplopoma_fimbria,Sablefish_1ocean,354.0,445.0
1999-8-20,3065,12,Anoplopoma_fimbria,Sablefish_1ocean,373.0,600.0
1999-8-20,3065,13,Oncorhynchus_gorbuscha,Pink_Adult,468.0,1250.0
1999-8-21,3067,12,Anoplopoma_fimbria,Sablefish_1ocean,379.0,500.0
1999-8-21,3067,13,Anoplopoma_fimbria,Sablefish_1ocean,361.0,550.0
1999-8-21,3067,14,Anoplopoma_fimbria,Sablefish_1ocean,373.0,500.0
1999-8-21,3067,15,Oncorhynchus_kisutch,Coho_Adult,574.0,2300.0
1999-8-21,3067,17,Oncorhynchus_gorbuscha,Pink_Adult,451.0,1000.0
1999-8-21,3067,19,Theragra_chalcogramma,Walleye_pollock,539.0,1100.0
1999-8-21,3068,1,Oncorhynchus_gorbuscha,Pink_Adult,502.0,1550.0
1999-8-21,3068,2,Oncorhynchus_gorbuscha,Pink_Adult,439.0,1000.0
1999-8-21,3068,4,Oncorhynchus_gorbuscha,Pink_Adult,479.0,1450.0
1999-8-21,3068,5,Oncorhynchus_gorbuscha,Pink_Adult,427.0,950.0
1999-8-21,3068,6,Anoplopoma_fimbria,Sablefish_1ocean,375.0,650.0
1999-8-21,3068,10,Theragra_chalcogramma,Walleye_pollock,517.0,900.0
1999-8-21,3068,11,Theragra_chalcogramma,Walleye_pollock,520.0,1000.0
1999-8-21,3068,12,Theragra_chalcogramma,Walleye_pollock,517.0,700.0
1999-8-21,3068,13,Theragra_chalcogramma,Walleye_pollock,564.0,1000.0
1999-8-21,3068,14,Theragra_chalcogramma,Walleye_pollock,534.0,800.0
1999-8-21,3068,15,Theragra_chalcogramma,Walleye_pollock,557.0,1000.0
1999-8-21,3068,16,Theragra_chalcogramma,Walleye_pollock,504.0,800.0
1999-8-22,3071,20,Oncorhynchus_tshawytscha,Chinook_Imm.,452.0,1350.0
1999-8-22,3071,21,Oncorhynchus_gorbuscha,Pink_Adult,485.0,1000.0
1999-8-22,3071,22,Oncorhynchus_gorbuscha,Pink_Adult,522.0,1600.0
1999-8-23,3074,39,Oncorhynchus_kisutch,Coho_Adult,683.0,3800.0
1999-8-23,3074,40,Anoplopoma_fimbria,Sablefish_1ocean,345.0,310.0
1999-8-23,3075,8,Oncorhynchus_gorbuscha,Pink_Adult,454.0,1000.0
1999-8-23,3076,2,Oncorhynchus_kisutch,Coho_Adult,651.0,3100.0
1999-8-24,3078,5,Oncorhynchus_nerka,Sockeye_Adult,668.0,3750.0
1999-8-24,3079,6,Oncorhynchus_tshawytscha,Chinook_Imm.,366.0,350.0
1999-8-24,3079,7,Oncorhynchus_tshawytscha,Chinook_Imm.,442.0,650.0
1999-8-24,3080,4,Oncorhynchus_gorbuscha,Pink_Adult,533.0,1600.0
1999-8-24,3081,9,Oncorhynchus_tshawytscha,Chinook_Imm.,459.0,1300.0
1999-8-24,3081,10,Oncorhynchus_tshawytscha,Chinook_Imm.,401.0,950.0
1999-8-24,3081,11,Oncorhynchus_tshawytscha,Chinook_Imm.,383.0,900.0
1999-8-24,3081,12,Oncorhynchus_gorbuscha,Pink_Adult,501.0,1650.0
1999-8-24,3081,13,Oncorhynchus_gorbuscha,Pink_Adult,480.0,1500.0
1999-8-24,3081,14,Oncorhynchus_gorbuscha,Pink_Adult,464.0,1350.0
1999-8-24,3081,15,Oncorhynchus_gorbuscha,Pink_Adult,498.0,1500.0
1999-8-24,3081,16,Oncorhynchus_gorbuscha,Pink_Adult,505.0,1600.0
1999-8-25,3085,1,Oncorhynchus_gorbuscha,Pink_Adult,498.0,1500.0
1999-8-25,3085,2,Oncorhynchus_gorbuscha,Pink_Adult,482.0,1500.0
1999-8-25,3085,3,Oncorhynchus_gorbuscha,Pink_Adult,485.0,1500.0
1999-8-25,3085,4,Oncorhynchus_gorbuscha,Pink_Adult,505.0,1600.0
1999-9-26,3087,9,Oncorhynchus_kisutch,Coho_Adult,702.0,4500.0
1999-9-26,3087,10,Platichthys_stellatus,Starry_flounder,324.0,410.0
1999-9-26,3087,11,Theragra_chalcogramma,Walleye_pollock,486.0,640.0
1999-9-26,3087,12,Trichodon_trichodon,Pac._Sandfish,186.0,91.0
1999-9-26,3087,13,Trichodon_trichodon,Pac._Sandfish,182.0,86.0
1999-9-26,3087,14,Trichodon_trichodon,Pac._Sandfish,226.0,145.0
1999-9-26,3087,15,Trichodon_trichodon,Pac._Sandfish,187.0,94.0
1999-9-26,3087,16,Trichodon_trichodon,Pac._Sandfish,192.0,110.0
1999-9-26,3087,17,Trichodon_trichodon,Pac._Sandfish,162.0,60.0
1999-9-26,3087,18,Trichodon_trichodon,Pac._Sandfish,131.0,29.0
1999-9-26,3087,19,Trichodon_trichodon,Pac._Sandfish,118.0,24.0
1999-9-26,3087,20,Trichodon_trichodon,Pac._Sandfish,127.0,26.0
1999-9-26,3087,21,Trichodon_trichodon,Pac._Sandfish,111.0,18.0
1999-9-26,3087,22,Trichodon_trichodon,Pac._Sandfish,116.0,17.0
1999-9-26,3089,18,Trichodon_trichodon,Pac._Sandfish,227.0,165.0
1999-9-26,3089,19,Trichodon_trichodon,Pac._Sandfish,203.0,120.0
1999-9-26,3089,20,Theragra_chalcogramma,Walleye_pollock,338.0,260.0
1999-9-26,3089,21,Theragra_chalcogramma,Walleye_pollock,585.0,1100.0
1999-9-26,3089,22,Oncorhynchus_kisutch,Coho_Adult,645.0,3100.0
1999-9-26,3090,22,Theragra_chalcogramma,Walleye_pollock,499.0,560.0
1999-9-27,3091,3,Oncorhynchus_kisutch,Coho_Adult,612.0,2900.0
1999-9-27,3091,4,Theragra_chalcogramma,Walleye_pollock,386.0,350.0
1999-9-27,3092,3,Theragra_chalcogramma,Walleye_pollock,545.0,1075.0
1999-9-27,3093,19,Theragra_chalcogramma,Walleye_pollock,502.0,700.0
1999-9-27,3093,20,Theragra_chalcogramma,Walleye_pollock,522.0,700.0
1999-9-28,3095,1,Oncorhynchus_kisutch,Coho_Adult,780.0,6100.0
1999-9-29,3099,2,Oncorhynchus_kisutch,Coho_Adult,603.0,2400.0
1999-9-29,3099,3,Oncorhynchus_kisutch,Coho_Adult,570.0,2100.0
1999-10-1,3103,7,Oncorhynchus_tshawytscha,Chinook_Imm.,413.0,940.0
2000-6-26,4022,10,Platichthys_stellatus,Starry_flounder,340.0,550.0
2000-6-26,4022,11,Platichthys_stellatus,Starry_flounder,322.0,400.0
2000-6-26,4023,18,Theragra_chalcogramma,Walleye_pollock,419.0,410.0
2000-6-26,4023,19,Oncorhynchus_gorbuscha,Pink_Adult,507.0,1900.0
2000-6-26,4023,20,Oncorhynchus_keta,Chum_Adult,559.0,2600.0
2000-6-26,4023,21,Oncorhynchus_keta,Chum_Adult,722.0,5500.0
2000-6-27,4024,53,Squalus_acanthias,Spiny_dogfish,977.0,5200.0
2000-6-27,4025,47,Oncorhynchus_keta,Chum_Adult,742.0,5500.0
2000-6-27,4025,48,Squalus_acanthias,Spiny_dogfish,779.0,2700.0
2000-6-27,4025,49,Sebastes_melanops,Black_rockfish,458.0,1600.0
2000-6-27,4027,49,Theragra_chalcogramma,Walleye_pollock,476.0,990.0
2000-6-28,4031,5,Oncorhynchus_keta,Chum_Adult,688.0,3900.0
2000-6-29,4032,29,Oncorhynchus_tshawytscha,Chinook_Imm.,372.0,650.0
2000-6-29,4033,461,Theragra_chalcogramma,Walleye_pollock,427.0,450.0
2000-6-29,4033,462,Oncorhynchus_tshawytscha,Chinook_Imm.,317.0,450.0
2000-6-29,4033,463,Oncorhynchus_keta,Chum_Adult,714.0,4700.0
2000-6-29,4034,15,Oncorhynchus_tshawytscha,Chinook_Imm.,367.0,820.0
2000-6-30,4037,141,Oncorhynchus_tshawytscha,Chinook_Imm.,343.0,650.0
2000-6-30,4037,142,Oncorhynchus_tshawytscha,Chinook_Imm.,329.0,600.0
2000-6-30,4038,1,Theragra_chalcogramma,Walleye_pollock,537.0,900.0
2000-6-30,4039,104,Oncorhynchus_tshawytscha,Chinook_Imm.,310.0,450.0
2000-6-30,4039,105,Oncorhynchus_tshawytscha,Chinook_Imm.,301.0,400.0
2000-6-30,4039,106,Oncorhynchus_tshawytscha,Chinook_Imm.,264.0,300.0
2000-6-30,4039,107,Theragra_chalcogramma,Walleye_pollock,461.0,450.0
2000-6-30,4039,108,Theragra_chalcogramma,Walleye_pollock,391.0,425.0
2000-6-30,4040,15,Oncorhynchus_tshawytscha,Chinook_Imm.,295.0,400.0
2000-6-30,4040,16,Theragra_chalcogramma,Walleye_pollock,477.0,800.0
2000-6-30,4040,17,Theragra_chalcogramma,Walleye_pollock,423.0,700.0
2000-6-30,4040,18,Theragra_chalcogramma,Walleye_pollock,481.0,850.0
2000-6-30,4040,19,Theragra_chalcogramma,Walleye_pollock,433.0,700.0
2000-6-30,4040,20,Theragra_chalcogramma,Walleye_pollock,456.0,750.0
2000-6-30,4040,21,Theragra_chalcogramma,Walleye_pollock,445.0,750.0
2000-6-30,4040,22,Theragra_chalcogramma,Walleye_pollock,451.0,800.0
2000-6-30,4040,23,Theragra_chalcogramma,Walleye_pollock,437.0,650.0
2000-6-30,4040,24,Theragra_chalcogramma,Walleye_pollock,437.0,700.0
2000-6-30,4040,25,Theragra_chalcogramma,Walleye_pollock,449.0,800.0
2000-6-30,4040,26,Theragra_chalcogramma,Walleye_pollock,521.0,925.0
2000-6-30,4040,27,Theragra_chalcogramma,Walleye_pollock,554.0,925.0
2000-6-30,4040,28,Theragra_chalcogramma,Walleye_pollock,457.0,850.0
2000-6-30,4040,29,Theragra_chalcogramma,Walleye_pollock,404.0,500.0
2000-6-30,4040,30,Theragra_chalcogramma,Walleye_pollock,406.0,600.0
2000-6-30,4040,31,Theragra_chalcogramma,Walleye_pollock,471.0,900.0
2000-6-30,4040,32,Theragra_chalcogramma,Walleye_pollock,472.0,900.0
2000-6-30,4040,33,Theragra_chalcogramma,Walleye_pollock,444.0,700.0
2000-6-30,4040,34,Theragra_chalcogramma,Walleye_pollock,409.0,650.0
2000-6-30,4040,35,Theragra_chalcogramma,Walleye_pollock,451.0,800.0
2000-6-30,4040,36,Theragra_chalcogramma,Walleye_pollock,495.0,900.0
2000-6-30,4040,37,Theragra_chalcogramma,Walleye_pollock,471.0,750.0
2000-6-30,4040,38,Theragra_chalcogramma,Walleye_pollock,415.0,650.0
2000-6-30,4040,39,Theragra_chalcogramma,Walleye_pollock,456.0,850.0
2000-6-30,4040,40,Theragra_chalcogramma,Walleye_pollock,445.0,800.0
2000-7-1,4042,7,Theragra_chalcogramma,Walleye_pollock,421.0,500.0
2000-7-1,4043,1,Theragra_chalcogramma,Walleye_pollock,529.0,900.0
2000-7-1,4043,2,Theragra_chalcogramma,Walleye_pollock,514.0,825.0
2000-7-1,4043,3,Theragra_chalcogramma,Walleye_pollock,521.0,850.0
2000-7-1,4043,4,Theragra_chalcogramma,Walleye_pollock,503.0,750.0
2000-7-1,4043,5,Theragra_chalcogramma,Walleye_pollock,459.0,700.0
2000-7-1,4043,327,Oncorhynchus_kisutch,Coho_Adult,602.0,3100.0
2000-7-1,4043,328,Oncorhynchus_tshawytscha,Chinook_Imm.,336.0,600.0
2000-7-1,4044,1,Theragra_chalcogramma,Walleye_pollock,534.0,950.0
2000-7-1,4044,2,Theragra_chalcogramma,Walleye_pollock,553.0,900.0
2000-7-1,4044,3,Oncorhynchus_tshawytscha,Chinook_Imm.,479.0,1500.0
2000-7-19,4046,6,Oncorhynchus_gorbuscha,Pink_Adult,512.0,1750.0
2000-7-19,4046,7,Theragra_chalcogramma,Walleye_pollock,527.0,800.0
2000-7-19,4046,8,Theragra_chalcogramma,Walleye_pollock,420.0,300.0
2000-7-19,4047,14,Trichodon_trichodon,Pac._Sandfish,173.0,71.0
2000-7-19,4047,15,Trichodon_trichodon,Pac._Sandfish,199.0,110.0
2000-7-19,4047,16,Trichodon_trichodon,Pac._Sandfish,173.0,64.0
2000-7-19,4047,17,Trichodon_trichodon,Pac._Sandfish,173.0,66.0
2000-7-19,4047,19,Theragra_chalcogramma,Walleye_pollock,463.0,650.0
2000-7-20,4049,43,Oncorhynchus_tshawytscha,Chinook_Imm.,386.0,815.0
2000-7-20,4049,44,Theragra_chalcogramma,Walleye_pollock,517.0,945.0
2000-7-20,4050,184,Oncorhynchus_tshawytscha,Chinook_Imm.,359.0,655.0
2000-7-20,4050,185,Oncorhynchus_tshawytscha,Chinook_Imm.,475.0,1700.0
2000-7-20,4050,186,Theragra_chalcogramma,Walleye_pollock,564.0,1200.0
2000-7-20,4050,187,Theragra_chalcogramma,Walleye_pollock,489.0,650.0
2000-7-20,4050,188,Theragra_chalcogramma,Walleye_pollock,493.0,670.0
2000-7-20,4050,189,Theragra_chalcogramma,Walleye_pollock,386.0,365.0
2000-7-20,4051,551,Oncorhynchus_tshawytscha,Chinook_Imm.,363.0,700.0
2000-7-20,4051,552,Oncorhynchus_gorbuscha,Pink_Adult,456.0,1200.0
2000-7-20,4051,553,Oncorhynchus_gorbuscha,Pink_Adult,499.0,1650.0
2000-7-20,4051,554,Theragra_chalcogramma,Walleye_pollock,554.0,1020.0
2000-7-21,4056,75,Oncorhynchus_gorbuscha,Pink_Adult,566.0,2300.0
2000-7-21,4056,76,Oncorhynchus_gorbuscha,Pink_Adult,467.0,1300.0
2000-7-21,4056,77,Oncorhynchus_gorbuscha,Pink_Adult,445.0,1100.0
2000-7-21,4056,78,Theragra_chalcogramma,Walleye_pollock,444.0,780.0
2000-7-21,4056,79,Theragra_chalcogramma,Walleye_pollock,440.0,530.0
2000-7-21,4056,80,Theragra_chalcogramma,Walleye_pollock,456.0,475.0
2000-7-21,4057,143,Oncorhynchus_keta,Chum_Adult,669.0,3800.0
2000-7-21,4057,144,Theragra_chalcogramma,Walleye_pollock,578.0,1140.0
2000-7-21,4057,145,Theragra_chalcogramma,Walleye_pollock,464.0,690.0
2000-7-21,4057,146,Theragra_chalcogramma,Walleye_pollock,435.0,510.0
2000-7-21,4057,147,Theragra_chalcogramma,Walleye_pollock,437.0,630.0
2000-7-21,4057,148,Theragra_chalcogramma,Walleye_pollock,456.0,740.0
2000-7-21,4057,149,Theragra_chalcogramma,Walleye_pollock,410.0,590.0
2000-7-21,4055,147,Theragra_chalcogramma,Walleye_pollock,510.0,710.0
2000-7-21,4055,148,Theragra_chalcogramma,Walleye_pollock,475.0,615.0
2000-7-22,4053,38,Oncorhynchus_tshawytscha,Chinook_Imm.,579.0,2200.0
2000-7-22,4058,557,Oncorhynchus_gorbuscha,Pink_Adult,459.0,3100.0
2000-7-22,4058,558,Oncorhynchus_gorbuscha,Pink_Adult,473.0,2800.0
2000-7-22,4059,221,Oncorhynchus_keta,Chum_Adult,634.0,3150.0
2000-7-22,4059,222,Oncorhynchus_gorbuscha,Pink_Adult,495.0,1550.0
2000-7-24,4062,81,Oncorhynchus_gorbuscha,Pink_Adult,466.0,1450.0
2000-7-24,4062,130,Squalus_acanthias,Spiny_dogfish,581.0,1000.0
2000-7-24,4062,131,Squalus_acanthias,Spiny_dogfish,580.0,1000.0
2000-7-24,4062,132,Squalus_acanthias,Spiny_dogfish,582.0,1050.0
2000-7-24,4062,133,Squalus_acanthias,Spiny_dogfish,751.0,2600.0
2000-7-24,4062,134,Squalus_acanthias,Spiny_dogfish,528.0,750.0
2000-7-24,4062,135,Squalus_acanthias,Spiny_dogfish,537.0,900.0
2000-7-24,4062,136,Squalus_acanthias,Spiny_dogfish,584.0,1100.0
2000-7-24,4062,137,Squalus_acanthias,Spiny_dogfish,585.0,1200.0
2000-7-24,4062,138,Squalus_acanthias,Spiny_dogfish,619.0,1420.0
2000-7-24,4062,139,Squalus_acanthias,Spiny_dogfish,579.0,1200.0
2000-7-24,4062,140,Squalus_acanthias,Spiny_dogfish,640.0,1215.0
2000-7-24,4062,141,Squalus_acanthias,Spiny_dogfish,721.0,2200.0
2000-7-24,4062,142,Squalus_acanthias,Spiny_dogfish,618.0,1400.0
2000-7-24,4062,143,Squalus_acanthias,Spiny_dogfish,632.0,1320.0
2000-7-24,4062,144,Squalus_acanthias,Spiny_dogfish,572.0,1080.0
2000-7-24,4062,145,Squalus_acanthias,Spiny_dogfish,592.0,1250.0
2000-7-24,4062,146,Squalus_acanthias,Spiny_dogfish,588.0,1100.0
2000-7-24,4062,147,Squalus_acanthias,Spiny_dogfish,580.0,1310.0
2000-7-24,4062,148,Squalus_acanthias,Spiny_dogfish,508.0,750.0
2000-7-24,4062,149,Squalus_acanthias,Spiny_dogfish,612.0,1220.0
2000-7-24,4062,150,Squalus_acanthias,Spiny_dogfish,608.0,1200.0
2000-7-24,4062,151,Squalus_acanthias,Spiny_dogfish,582.0,1220.0
2000-7-24,4062,152,Squalus_acanthias,Spiny_dogfish,618.0,1350.0
2000-7-24,4062,153,Squalus_acanthias,Spiny_dogfish,655.0,1550.0
2000-7-24,4062,154,Squalus_acanthias,Spiny_dogfish,782.0,3300.0
2000-7-24,4062,155,Squalus_acanthias,Spiny_dogfish,621.0,1500.0
2000-7-24,4062,156,Squalus_acanthias,Spiny_dogfish,580.0,1050.0
2000-7-24,4062,157,Squalus_acanthias,Spiny_dogfish,592.0,1080.0
2000-7-24,4062,158,Squalus_acanthias,Spiny_dogfish,590.0,1060.0
2000-7-24,4062,159,Anarrhichthys_ocellatus,Wolf-eel,587.0,1130.0
2000-7-24,4062,160,Squalus_acanthias,Spiny_dogfish,572.0,870.0
2000-7-24,4062,161,Squalus_acanthias,Spiny_dogfish,623.0,1230.0
2000-7-24,4062,162,Squalus_acanthias,Spiny_dogfish,506.0,740.0
2000-7-24,4062,163,Squalus_acanthias,Spiny_dogfish,536.0,710.0
2000-7-24,4062,164,Squalus_acanthias,Spiny_dogfish,530.0,840.0
2000-7-24,4062,165,Squalus_acanthias,Spiny_dogfish,741.0,2220.0
2000-7-24,4063,143,Squalus_acanthias,Spiny_dogfish,562.0,1000.0
2000-7-24,4063,144,Squalus_acanthias,Spiny_dogfish,619.0,1250.0
2000-7-24,4063,145,Squalus_acanthias,Spiny_dogfish,574.0,1050.0
2000-7-24,4063,146,Squalus_acanthias,Spiny_dogfish,505.0,750.0
2000-7-24,4063,147,Squalus_acanthias,Spiny_dogfish,628.0,1400.0
2000-7-24,4063,148,Squalus_acanthias,Spiny_dogfish,561.0,1150.0
2000-7-24,4063,149,Squalus_acanthias,Spiny_dogfish,540.0,900.0
2000-7-24,4063,150,Squalus_acanthias,Spiny_dogfish,570.0,1100.0
2000-7-24,4063,151,Squalus_acanthias,Spiny_dogfish,582.0,1100.0
2000-7-24,4063,152,Squalus_acanthias,Spiny_dogfish,462.0,480.0
2000-7-24,4063,153,Squalus_acanthias,Spiny_dogfish,571.0,1150.0
2000-7-24,4063,154,Squalus_acanthias,Spiny_dogfish,506.0,600.0
2000-7-24,4063,155,Squalus_acanthias,Spiny_dogfish,562.0,1090.0
2000-7-24,4063,156,Squalus_acanthias,Spiny_dogfish,560.0,950.0
2000-7-24,4063,157,Squalus_acanthias,Spiny_dogfish,561.0,1050.0
2000-7-24,4063,158,Squalus_acanthias,Spiny_dogfish,534.0,800.0
2000-7-24,4063,159,Squalus_acanthias,Spiny_dogfish,684.0,1700.0
2000-7-24,4063,160,Squalus_acanthias,Spiny_dogfish,480.0,675.0
2000-7-24,4063,161,Squalus_acanthias,Spiny_dogfish,880.0,4100.0
2000-7-24,4063,162,Squalus_acanthias,Spiny_dogfish,680.0,1800.0
2000-7-24,4063,163,Squalus_acanthias,Spiny_dogfish,650.0,1500.0
2000-7-24,4064,122,Squalus_acanthias,Spiny_dogfish,565.0,1100.0
2000-7-24,4064,123,Squalus_acanthias,Spiny_dogfish,625.0,1650.0
2000-7-24,4064,124,Squalus_acanthias,Spiny_dogfish,852.0,3950.0
2000-7-24,4065,8,Oncorhynchus_gorbuscha,Pink_Adult,474.0,1600.0
2000-7-24,4065,9,Oncorhynchus_keta,Chum_Adult,589.0,2300.0
2000-7-24,4065,10,Brama_japonica,Pomfret,399.0,1400.0
2000-7-24,4065,11,Theragra_chalcogramma,Walleye_pollock,507.0,1150.0
2000-7-24,4065,12,Theragra_chalcogramma,Walleye_pollock,489.0,1000.0
2000-7-24,4065,13,Theragra_chalcogramma,Walleye_pollock,454.0,860.0
2000-7-24,4065,14,Theragra_chalcogramma,Walleye_pollock,448.0,850.0
2000-7-24,4065,15,Theragra_chalcogramma,Walleye_pollock,471.0,990.0
2000-8-25,4066,5,Oncorhynchus_tshawytscha,Chinook_Imm.,376.0,750.0
2000-8-25,4066,6,Oncorhynchus_tshawytscha,Chinook_Imm.,340.0,575.0
2000-8-25,4066,7,Theragra_chalcogramma,Walleye_pollock,458.0,620.0
2000-8-25,4067,6,Theragra_chalcogramma,Walleye_pollock,429.0,600.0
2000-8-26,4070,12,Oncorhynchus_tshawytscha,Chinook_Imm.,436.0,1340.0
2000-8-26,4070,13,Oncorhynchus_tshawytscha,Chinook_Imm.,631.0,3650.0
2000-8-26,4071,43,Oncorhynchus_kisutch,Coho_Adult,626.0,3200.0
2000-8-26,4071,44,Oncorhynchus_keta,Chum_Adult,665.0,4200.0
2000-8-26,4072,23,Theragra_chalcogramma,Walleye_pollock,441.0,512.0
2000-8-27,4075,4,Oncorhynchus_kisutch,Coho_Adult,643.0,3500.0
2000-8-27,4075,5,Oncorhynchus_kisutch,Coho_Adult,662.0,4200.0
2000-8-27,4075,6,Oncorhynchus_keta,Chum_Adult,665.0,3100.0
2000-8-27,4077,4,Oncorhynchus_keta,Chum_Adult,731.0,4900.0
2000-8-29,4084,74,Theragra_chalcogramma,Walleye_pollock,533.0,750.0
2000-8-29,4084,75,Oncorhynchus_keta,Chum_Adult,735.0,4800.0
2000-8-29,4082,11,Theragra_chalcogramma,Walleye_pollock,525.0,550.0
2000-8-30,4086,7,Theragra_chalcogramma,Walleye_pollock,370.0,350.0
2000-8-30,4087,7,Oncorhynchus_gorbuscha,Pink_Adult,539.0,2000.0
2000-8-30,4087,8,Oncorhynchus_gorbuscha,Pink_Adult,481.0,1600.0
2000-8-30,4087,9,Oncorhynchus_kisutch,Coho_Adult,634.0,3500.0
2000-8-30,4087,10,Oncorhynchus_kisutch,Coho_Adult,730.0,5000.0
2000-8-30,4089,25,Oncorhynchus_keta,Chum_Adult,760.0,5300.0
2000-8-30,4089,26,Oncorhynchus_kisutch,Coho_Adult,725.0,4700.0
2000-9-25,4090,8,Theragra_chalcogramma,Walleye_pollock,661.0,2000.0
2000-9-25,4091,4,Theragra_chalcogramma,Walleye_pollock,407.0,510.0
2000-9-26,4093,3,Squalus_acanthias,Spiny_dogfish,589.0,1500.0
2000-9-26,4093,4,Squalus_acanthias,Spiny_dogfish,586.0,1000.0
2000-9-26,4093,5,Squalus_acanthias,Spiny_dogfish,537.0,800.0
2000-9-27,4098,66,Oncorhynchus_kisutch,Coho_Adult,688.0,4300.0
2000-9-27,4100,13,Theragra_chalcogramma,Walleye_pollock,497.0,800.0
2000-9-28,4104,3,Theragra_chalcogramma,Walleye_pollock,555.0,1050.0
2000-9-28,4104,4,Theragra_chalcogramma,Walleye_pollock,483.0,840.0
2000-9-30,4114,7,Oncorhynchus_tshawytscha,Chinook_Imm.,415.0,1150.0
2000-9-30,4114,8,Theragra_chalcogramma,Walleye_pollock,530.0,1100.0
2000-9-30,4115,6,Oncorhynchus_tshawytscha,Chinook_Imm.,592.0,1275.0
2000-9-30,4115,7,Theragra_chalcogramma,Walleye_pollock,485.0,900.0
2000-9-30,4117,11,Oncorhynchus_tshawytscha,Chinook_Imm.,391.0,850.0
2000-9-30,4117,12,Oncorhynchus_tshawytscha,Chinook_Imm.,439.0,1150.0
2001-5-20,5006,1,Theragra_chalcogramma,Walleye_pollock,498.0,685.0
2001-5-20,5006,2,Theragra_chalcogramma,Walleye_pollock,487.0,790.0
2001-5-20,5006,3,Theragra_chalcogramma,Walleye_pollock,483.0,785.0
2001-5-20,5006,4,Theragra_chalcogramma,Walleye_pollock,472.0,710.0
2001-5-20,5006,5,Theragra_chalcogramma,Walleye_pollock,464.0,610.0
2001-5-20,5007,1,Theragra_chalcogramma,Walleye_pollock,465.0,790.0
2001-5-20,5007,10,Theragra_chalcogramma,Walleye_pollock,537.0,970.0
2001-5-20,5007,20,Theragra_chalcogramma,Walleye_pollock,519.0,890.0
2001-5-20,5007,30,Theragra_chalcogramma,Walleye_pollock,387.0,425.0
2001-5-20,5007,40,Theragra_chalcogramma,Walleye_pollock,459.0,820.0
2001-5-20,5007,49,Theragra_chalcogramma,Walleye_pollock,477.0,605.0
2001-5-20,5008,1,Theragra_chalcogramma,Walleye_pollock,467.0,615.0
2001-5-20,5009,1,Theragra_chalcogramma,Walleye_pollock,487.0,880.0
2001-6-26,5015,9,Theragra_chalcogramma,Walleye_pollock,594.0,900.0
2001-6-27,5020,1,Oncorhynchus_kisutch,Coho_Adult,641.0,3100.0
2001-6-27,5020,2,Squalus_acanthias,Spiny_dogfish,571.0,1200.0
2001-6-27,5021,2,Squalus_acanthias,Spiny_dogfish,653.0,1900.0
2001-6-27,5021,3,Squalus_acanthias,Spiny_dogfish,887.0,4900.0
2001-6-27,5022,23,Oncorhynchus_tshawytscha,Chinook_Imm.,336.0,550.0
2001-6-27,5022,24,Anoplopoma_fimbria,Sablefish_1ocean,326.0,450.0
2001-6-27,5022,25,Anoplopoma_fimbria,Sablefish_1ocean,322.0,450.0
2001-6-27,5022,26,Anoplopoma_fimbria,Sablefish_1ocean,367.0,670.0
2001-6-27,5022,27,Anoplopoma_fimbria,Sablefish_1ocean,347.0,520.0
2001-6-27,5022,28,Anoplopoma_fimbria,Sablefish_1ocean,324.0,450.0
2001-6-27,5022,29,Oncorhynchus_gorbuscha,Pink_Adult,499.0,1750.0
2001-6-27,5022,30,Oncorhynchus_gorbuscha,Pink_Adult,475.0,1500.0
2001-6-28,5025,74,Oncorhynchus_tshawytscha,Chinook_Imm.,377.0,760.0
2001-6-28,5025,75,Oncorhynchus_gorbuscha,Pink_Adult,423.0,1050.0
2001-6-28,5025,76,Theragra_chalcogramma,Walleye_pollock,551.0,810.0
2001-6-28,5026,35,Oncorhynchus_tshawytscha,Chinook_Imm.,436.0,1150.0
2001-6-28,5026,36,Oncorhynchus_keta,Chum_Adult,619.0,2850.0
2001-6-29,5027,26,Theragra_chalcogramma,Walleye_pollock,310.0,270.0
2001-6-29,5027,27,Theragra_chalcogramma,Walleye_pollock,288.0,185.0
2001-6-29,5028,138,Oncorhynchus_tshawytscha,Chinook_Imm.,354.0,710.0
2001-6-29,5030,44,Oncorhynchus_gorbuscha,Pink_Adult,558.0,2400.0
2001-6-29,5030,45,Oncorhynchus_keta,Chum_Adult,705.0,4700.0
2001-6-30,5031,35,Oncorhynchus_tshawytscha,Chinook_Imm.,271.0,300.0
2001-6-30,5031,38,Oncorhynchus_tshawytscha,Chinook_Imm.,329.0,510.0
2001-6-30,5031,39,Oncorhynchus_gorbuscha,Pink_Adult,459.0,1200.0
2001-6-30,5031,40,Theragra_chalcogramma,Walleye_pollock,523.0,750.0
2001-6-30,5032,49,Oncorhynchus_tshawytscha,Chinook_Imm.,329.0,490.0
2001-6-30,5032,50,Oncorhynchus_tshawytscha,Chinook_Imm.,362.0,600.0
2001-6-30,5033,103,Oncorhynchus_tshawytscha,Chinook_Imm.,409.0,1025.0
2001-6-30,5033,104,Oncorhynchus_tshawytscha,Chinook_Imm.,321.0,480.0
2001-6-30,5033,105,Oncorhynchus_tshawytscha,Chinook_Imm.,312.0,410.0
2001-6-30,5033,108,Oncorhynchus_nerka,Sockeye_Adult,639.0,3600.0
2001-6-30,5034,31,Oncorhynchus_tshawytscha,Chinook_Imm.,415.0,1100.0
2001-6-30,5034,32,Oncorhynchus_tshawytscha,Chinook_Imm.,348.0,550.0
2001-6-30,5034,33,Oncorhynchus_tshawytscha,Chinook_Imm.,365.0,630.0
2001-6-30,5034,34,Oncorhynchus_nerka,Sockeye_Adult,673.0,4100.0
2001-7-1,5035,57,Theragra_chalcogramma,Walleye_pollock,493.0,750.0
2001-7-1,5035,58,Sebastes_melanops,Black_rockfish,320.0,670.0
2001-7-1,5037,41,Oncorhynchus_keta,Chum_Adult,595.0,1900.0
2001-7-1,5039,15,Oncorhynchus_tshawytscha,Chinook_Imm.,363.0,660.0
2001-7-1,5039,16,Oncorhynchus_tshawytscha,Chinook_Imm.,326.0,520.0
2001-7-1,5039,17,Theragra_chalcogramma,Walleye_pollock,453.0,700.0
2001-7-1,5039,18,Theragra_chalcogramma,Walleye_pollock,531.0,850.0
2001-7-1,5038,1,Oncorhynchus_tshawytscha,Chinook_Imm.,325.0,660.0
2001-7-1,5038,142,Theragra_chalcogramma,Walleye_pollock,521.0,755.0
2001-7-27,5041,202,Oncorhynchus_tshawytscha,Chinook_Imm.,412.0,1100.0
2001-7-27,5041,203,Oncorhynchus_tshawytscha,Chinook_Imm.,368.0,880.0
2001-7-27,5041,204,Theragra_chalcogramma,Walleye_pollock,521.0,1050.0
2001-7-27,5041,205,Theragra_chalcogramma,Walleye_pollock,447.0,750.0
2001-7-27,5043,110,Oncorhynchus_gorbuscha,Pink_Adult,502.0,1600.0
2001-7-27,5043,111,Theragra_chalcogramma,Walleye_pollock,519.0,1050.0
2001-7-28,5045,1,Brama_japonica,Pomfret,355.0,1000.0
2001-7-28,5045,2,Brama_japonica,Pomfret,355.0,1200.0
2001-7-28,5045,3,Brama_japonica,Pomfret,349.0,1100.0
2001-7-28,5045,4,Brama_japonica,Pomfret,329.0,1000.0
2001-7-28,5045,5,Brama_japonica,Pomfret,333.0,950.0
2001-7-28,5045,6,Brama_japonica,Pomfret,355.0,1050.0
2001-7-28,5045,7,Brama_japonica,Pomfret,328.0,800.0
2001-7-28,5045,8,Brama_japonica,Pomfret,360.0,1100.0
2001-7-28,5045,9,Brama_japonica,Pomfret,345.0,950.0
2001-7-28,5045,10,Brama_japonica,Pomfret,324.0,900.0
2001-7-28,5045,11,Brama_japonica,Pomfret,332.0,1050.0
2001-7-28,5045,12,Brama_japonica,Pomfret,367.0,1250.0
2001-7-28,5046,32,Oncorhynchus_gorbuscha,Pink_Adult,530.0,2300.0
2001-7-28,5047,81,Oncorhynchus_gorbuscha,Pink_Adult,448.0,1150.0
2001-7-28,5047,82,Squalus_acanthias,Spiny_dogfish,697.0,2250.0
2001-7-28,5047,83,Squalus_acanthias,Spiny_dogfish,489.0,900.0
2001-7-28,5047,84,Squalus_acanthias,Spiny_dogfish,601.0,1650.0
2001-7-28,5047,85,Squalus_acanthias,Spiny_dogfish,734.0,2600.0
2001-7-28,5047,86,Squalus_acanthias,Spiny_dogfish,580.0,1400.0
2001-7-28,5047,87,Squalus_acanthias,Spiny_dogfish,555.0,1150.0
2001-7-28,5047,88,Squalus_acanthias,Spiny_dogfish,695.0,2150.0
2001-7-28,5047,89,Squalus_acanthias,Spiny_dogfish,700.0,2200.0
2001-7-28,5048,76,Oncorhynchus_gorbuscha,Pink_Adult,477.0,1400.0
2001-7-28,5048,77,Squalus_acanthias,Spiny_dogfish,589.0,1450.0
2001-7-28,5048,78,Squalus_acanthias,Spiny_dogfish,615.0,1500.0
2001-7-28,5048,79,Squalus_acanthias,Spiny_dogfish,686.0,2050.0
2001-7-28,5048,80,Squalus_acanthias,Spiny_dogfish,609.0,1700.0
2001-7-29,5049,121,Oncorhynchus_nerka,Sockeye_Adult,607.0,3100.0
2001-7-29,5049,122,Oncorhynchus_kisutch,Coho_Adult,630.0,3200.0
2001-7-29,5049,123,Oncorhynchus_gorbuscha,Pink_Adult,439.0,1200.0
2001-7-29,5049,124,Oncorhynchus_gorbuscha,Pink_Adult,465.0,1400.0
2001-7-29,5049,125,Oncorhynchus_gorbuscha,Pink_Adult,524.0,2100.0
2001-7-29,5050,49,Oncorhynchus_tshawytscha,Chinook_Imm.,562.0,2600.0
2001-7-29,5050,50,Oncorhynchus_gorbuscha,Pink_Adult,511.0,1800.0
2001-7-29,5050,51,Oncorhynchus_gorbuscha,Pink_Adult,532.0,2300.0
2001-7-29,5051,125,Oncorhynchus_gorbuscha,Pink_Adult,467.0,1550.0
2001-7-29,5051,126,Oncorhynchus_gorbuscha,Pink_Adult,520.0,1750.0
2001-7-29,5051,127,Oncorhynchus_gorbuscha,Pink_Adult,535.0,1750.0
2001-7-29,5051,128,Oncorhynchus_gorbuscha,Pink_Adult,526.0,2050.0
2001-7-29,5051,129,Oncorhynchus_gorbuscha,Pink_Adult,472.0,1350.0
2001-7-29,5051,130,Oncorhynchus_gorbuscha,Pink_Adult,520.0,1950.0
2001-7-29,5051,131,Oncorhynchus_gorbuscha,Pink_Adult,528.0,2550.0
2001-7-29,5051,132,Oncorhynchus_gorbuscha,Pink_Adult,472.0,1400.0
2001-7-29,5051,133,Oncorhynchus_gorbuscha,Pink_Adult,375.0,700.0
2001-7-29,5051,134,Oncorhynchus_gorbuscha,Pink_Adult,480.0,1350.0
2001-7-29,5051,135,Oncorhynchus_gorbuscha,Pink_Adult,520.0,2150.0
2001-7-29,5051,136,Oncorhynchus_gorbuscha,Pink_Adult,464.0,1300.0
2001-7-29,5051,137,Oncorhynchus_gorbuscha,Pink_Adult,466.0,1500.0
2001-7-29,5052,42,Oncorhynchus_kisutch,Coho_Adult,615.0,2900.0
2001-7-29,5052,43,Oncorhynchus_kisutch,Coho_Adult,725.0,5500.0
2001-7-29,5052,44,Oncorhynchus_tshawytscha,Chinook_Imm.,410.0,1100.0
2001-7-29,5052,45,Oncorhynchus_gorbuscha,Pink_Adult,505.0,1600.0
2001-7-29,5052,46,Oncorhynchus_gorbuscha,Pink_Adult,525.0,1950.0
2001-7-29,5052,47,Oncorhynchus_gorbuscha,Pink_Adult,460.0,1450.0
2001-7-29,5052,48,Oncorhynchus_gorbuscha,Pink_Adult,495.0,1850.0
2001-7-29,5052,49,Theragra_chalcogramma,Walleye_pollock,425.0,700.0
2001-7-29,5044,12,Theragra_chalcogramma,Walleye_pollock,505.0,1000.0
2001-7-30,5053,17,Oncorhynchus_tshawytscha,Chinook_Imm.,432.0,1300.0
2001-7-30,5053,18,Oncorhynchus_tshawytscha,Chinook_Imm.,386.0,1000.0
2001-7-30,5053,19,Oncorhynchus_tshawytscha,Chinook_Imm.,333.0,850.0
2001-7-30,5054,50,Theragra_chalcogramma,Walleye_pollock,547.0,1100.0
2001-7-30,5999,333,Oncorhynchus_gorbuscha,Pink_Adult,498.0,1400.0
2001-7-30,5055,152,Theragra_chalcogramma,Walleye_pollock,288.0,140.0
2001-7-30,5056,69,Oncorhynchus_gorbuscha,Pink_Adult,540.0,3800.0
2001-7-31,5057,31,Oncorhynchus_gorbuscha,Pink_Adult,535.0,2150.0
2001-7-31,5057,32,Oncorhynchus_gorbuscha,Pink_Adult,515.0,1900.0
2001-7-31,5057,33,Oncorhynchus_gorbuscha,Pink_Adult,495.0,1800.0
2001-7-31,5057,34,Oncorhynchus_gorbuscha,Pink_Adult,515.0,1900.0
2001-7-31,5061,30,Oncorhynchus_gorbuscha,Pink_Adult,447.0,1550.0
2001-7-31,5061,31,Theragra_chalcogramma,Walleye_pollock,338.0,500.0
2001-7-31,5062,162,Theragra_chalcogramma,Walleye_pollock,299.0,240.0
2001-7-31,5062,163,Theragra_chalcogramma,Walleye_pollock,384.0,540.0
2001-7-31,5059,59,Oncorhynchus_tshawytscha,Chinook_Imm.,385.0,1100.0
2001-7-31,5059,60,Oncorhynchus_kisutch,Coho_Adult,605.0,3450.0
2001-7-31,5060,102,Oncorhynchus_tshawytscha,Chinook_Imm.,403.0,950.0
2001-7-31,5060,103,Oncorhynchus_tshawytscha,Chinook_Imm.,345.0,600.0
2001-7-31,5060,104,Oncorhynchus_tshawytscha,Chinook_Imm.,351.0,700.0
2001-7-31,5060,105,Oncorhynchus_tshawytscha,Chinook_Imm.,353.0,750.0
2001-7-31,5060,106,Oncorhynchus_tshawytscha,Chinook_Imm.,340.0,600.0
2001-7-31,5060,108,Oncorhynchus_gorbuscha,Pink_Adult,494.0,1400.0
2001-7-31,5060,109,Oncorhynchus_gorbuscha,Pink_Adult,500.0,1350.0
2001-7-31,5060,110,Oncorhynchus_gorbuscha,Pink_Adult,500.0,1350.0
2001-7-31,5060,111,Oncorhynchus_gorbuscha,Pink_Adult,540.0,2000.0
2001-7-31,5060,112,Theragra_chalcogramma,Walleye_pollock,325.0,400.0
2001-7-31,5060,113,Theragra_chalcogramma,Walleye_pollock,331.0,350.0
2001-7-31,5060,114,Theragra_chalcogramma,Walleye_pollock,340.0,400.0
2001-7-31,5060,115,Theragra_chalcogramma,Walleye_pollock,325.0,350.0
2001-8-1,5064,14,Oncorhynchus_kisutch,Coho_Adult,725.0,5400.0
2001-8-1,5064,15,Oncorhynchus_gorbuscha,Pink_Adult,513.0,1500.0
2001-8-1,5064,16,Oncorhynchus_gorbuscha,Pink_Adult,482.0,1800.0
2001-8-1,5065,8,Oncorhynchus_gorbuscha,Pink_Adult,585.0,2650.0
2001-8-1,5065,9,Oncorhynchus_gorbuscha,Pink_Adult,482.0,1500.0
2001-8-1,5065,10,Oncorhynchus_gorbuscha,Pink_Adult,508.0,1650.0
2001-8-1,5065,11,Oncorhynchus_kisutch,Coho_Adult,528.0,1950.0
2001-8-1,5065,12,Theragra_chalcogramma,Walleye_pollock,528.0,850.0
2001-8-1,5065,13,Theragra_chalcogramma,Walleye_pollock,460.0,700.0
2001-8-1,5065,14,Theragra_chalcogramma,Walleye_pollock,433.0,550.0
2001-8-1,5066,13,Oncorhynchus_tshawytscha,Chinook_Imm.,695.0,2900.0
2001-8-1,5066,14,Oncorhynchus_gorbuscha,Pink_Adult,460.0,1150.0
2001-8-1,5066,15,Oncorhynchus_gorbuscha,Pink_Adult,482.0,1350.0
2001-8-1,5066,16,Theragra_chalcogramma,Walleye_pollock,468.0,850.0
2001-8-1,5066,17,Theragra_chalcogramma,Walleye_pollock,460.0,750.0
2001-8-1,5066,18,Theragra_chalcogramma,Walleye_pollock,464.0,800.0
2001-8-1,5066,19,Theragra_chalcogramma,Walleye_pollock,495.0,650.0
2001-8-1,5067,37,Theragra_chalcogramma,Walleye_pollock,483.0,650.0
2001-8-1,5067,38,Theragra_chalcogramma,Walleye_pollock,465.0,750.0
2001-8-26,5069,8,Theragra_chalcogramma,Walleye_pollock,465.0,610.0
2001-8-26,5069,9,Theragra_chalcogramma,Walleye_pollock,499.0,760.0
2001-8-26,5071,7,Oncorhynchus_gorbuscha,Pink_Adult,490.0,1150.0
2001-8-26,5071,8,Oncorhynchus_kisutch,Coho_Adult,482.0,1250.0
2001-8-26,5072,5,Oncorhynchus_gorbuscha,Pink_Adult,550.0,1750.0
2001-8-26,5072,6,Oncorhynchus_kisutch,Coho_Adult,564.0,2150.0
2001-8-26,5072,7,Oncorhynchus_tshawytscha,Chinook_Imm.,403.0,800.0
2001-8-26,5072,8,Oncorhynchus_tshawytscha,Chinook_Imm.,417.0,950.0
2001-8-27,5076,51,Oncorhynchus_tshawytscha,Chinook_Imm.,410.0,950.0
2001-8-28,5077,131,Oncorhynchus_gorbuscha,Pink_Adult,421.0,725.0
2001-8-28,5077,132,Oncorhynchus_tshawytscha,Chinook_Imm.,380.0,600.0
2001-8-28,5077,133,Oncorhynchus_tshawytscha,Chinook_Imm.,590.0,2900.0
2001-8-28,5077,134,Theragra_chalcogramma,Walleye_pollock,314.0,275.0
2001-8-28,5077,135,Theragra_chalcogramma,Walleye_pollock,321.0,282.0
2001-8-28,5077,136,Theragra_chalcogramma,Walleye_pollock,362.0,420.0
2001-8-28,5077,137,Theragra_chalcogramma,Walleye_pollock,369.0,470.0
2001-8-28,5077,138,Theragra_chalcogramma,Walleye_pollock,363.0,400.0
2001-8-28,5077,139,Theragra_chalcogramma,Walleye_pollock,381.0,330.0
2001-8-28,5077,140,Theragra_chalcogramma,Walleye_pollock,343.0,350.0
2001-8-28,5077,141,Theragra_chalcogramma,Walleye_pollock,341.0,160.0
2001-8-28,5077,142,Theragra_chalcogramma,Walleye_pollock,345.0,215.0
2001-8-28,5077,143,Theragra_chalcogramma,Walleye_pollock,353.0,182.0
2001-8-28,5078,7,Theragra_chalcogramma,Walleye_pollock,498.0,640.0
2001-8-28,5080,18,Oncorhynchus_kisutch,Coho_Adult,701.0,3900.0
2001-8-30,5085,23,Oncorhynchus_kisutch,Coho_Adult,653.0,3300.0
2001-8-30,5087,76,Theragra_chalcogramma,Walleye_pollock,370.0,398.0
2001-8-30,5087,77,Theragra_chalcogramma,Walleye_pollock,322.0,272.0
2001-8-30,5087,78,Oncorhynchus_tshawytscha,Chinook_Imm.,490.0,1450.0
2001-8-30,5087,79,Oncorhynchus_tshawytscha,Chinook_Imm.,539.0,2200.0
2001-8-30,5087,80,Oncorhynchus_keta,Chum_Adult,672.0,3800.0
2001-8-30,5087,81,Oncorhynchus_keta,Chum_Adult,721.0,4600.0
2001-8-30,5087,82,Theragra_chalcogramma,Walleye_pollock,370.0,405.0
2001-8-30,5087,83,Theragra_chalcogramma,Walleye_pollock,318.0,250.0
2001-8-30,5087,84,Theragra_chalcogramma,Walleye_pollock,321.0,255.0
2001-8-30,5087,85,Theragra_chalcogramma,Walleye_pollock,339.0,330.0
2001-8-30,5087,86,Theragra_chalcogramma,Walleye_pollock,283.0,190.0
2001-8-31,5088,11,Theragra_chalcogramma,Walleye_pollock,492.0,800.0
2001-8-31,5088,12,Theragra_chalcogramma,Walleye_pollock,548.0,950.0
2001-8-31,5088,13,Oncorhynchus_tshawytscha,Chinook_Imm.,443.0,1000.0
2001-8-31,5088,14,Oncorhynchus_kisutch,Coho_Adult,644.0,3450.0
2001-8-31,5088,15,Oncorhynchus_kisutch,Coho_Adult,694.0,4800.0
2001-8-31,5088,16,Oncorhynchus_kisutch,Coho_Adult,691.0,4050.0
2001-8-31,5089,5,Oncorhynchus_tshawytscha,Chinook_Imm.,387.0,740.0
2001-8-31,5089,6,Oncorhynchus_tshawytscha,Chinook_Imm.,424.0,950.0
2001-8-31,5089,7,Oncorhynchus_kisutch,Coho_Adult,652.0,2900.0
2001-8-31,5091,10,Theragra_chalcogramma,Walleye_pollock,489.0,530.0
2001-8-31,5091,11,Theragra_chalcogramma,Walleye_pollock,411.0,500.0
2001-9-26,5097,10,Theragra_chalcogramma,Walleye_pollock,445.0,550.0
2001-9-27,5099,12,Oncorhynchus_tshawytscha,Chinook_Imm.,442.0,1260.0
2001-9-28,5104,32,Theragra_chalcogramma,Walleye_pollock,522.0,800.0
2001-9-28,5104,33,Theragra_chalcogramma,Walleye_pollock,240.0,100.0
2001-9-28,5106,34,Theragra_chalcogramma,Walleye_pollock,493.0,680.0
2001-9-28,5106,35,Theragra_chalcogramma,Walleye_pollock,485.0,610.0
2001-9-29,5109,78,Oncorhynchus_tshawytscha,Chinook_Imm.,433.0,1050.0
2001-9-29,5109,79,Oncorhynchus_tshawytscha,Chinook_Imm.,464.0,1350.0
2001-9-30,5113,31,Theragra_chalcogramma,Walleye_pollock,520.0,730.0
2001-9-30,5114,28,Theragra_chalcogramma,Walleye_pollock,452.0,625.0
2001-10-1,5118,141,Theragra_chalcogramma,Walleye_pollock,530.0,850.0
2001-10-1,5118,142,Theragra_chalcogramma,Walleye_pollock,513.0,790.0
2001-10-1,5119,8,Oncorhynchus_tshawytscha,Chinook_Imm.,393.0,795.0
2001-10-1,5120,2,Oncorhynchus_kisutch,Coho_Adult,660.0,3400.0
2002-6-22,6015,6,Theragra_chalcogramma,Walleye_pollock,506.0,830.0
2002-6-22,6016,3,Oncorhynchus_tshawytscha,Chinook_Imm.,274.0,255.0
2002-6-22,6016,4,Oncorhynchus_tshawytscha,Chinook_Imm.,379.0,700.0
2002-6-22,6016,5,Theragra_chalcogramma,Walleye_pollock,587.0,970.0
2002-6-22,6016,6,Theragra_chalcogramma,Walleye_pollock,235.0,80.0
2002-6-22,6018,2,Theragra_chalcogramma,Walleye_pollock,383.0,480.0
2002-6-23,6021,1,Oncorhynchus_gorbuscha,Pink_Adult,465.0,1100.0
2002-6-23,6021,2,Oncorhynchus_tshawytscha,Chinook_Imm.,420.0,900.0
2002-6-23,6021,3,Squalus_acanthias,Spiny_dogfish,740.0,2500.0
2002-6-24,6023,64,Theragra_chalcogramma,Walleye_pollock,257.0,130.0
2002-6-24,6023,65,Theragra_chalcogramma,Walleye_pollock,243.0,110.0
2002-6-24,6023,66,Theragra_chalcogramma,Walleye_pollock,255.0,140.0
2002-6-24,6023,67,Theragra_chalcogramma,Walleye_pollock,261.0,135.0
2002-6-24,6023,68,Theragra_chalcogramma,Walleye_pollock,256.0,130.0
2002-6-24,6023,70,Theragra_chalcogramma,Walleye_pollock,555.0,700.0
2002-6-24,6023,71,Oncorhynchus_gorbuscha,Pink_Adult,520.0,1620.0
2002-6-24,6023,72,Oncorhynchus_tshawytscha,Chinook_Imm.,385.0,720.0
2002-6-24,6023,73,Oncorhynchus_tshawytscha,Chinook_Imm.,335.0,460.0
2002-6-25,6027,62,Oncorhynchus_tshawytscha,Chinook_Imm.,377.0,690.0
2002-6-25,6027,63,Theragra_chalcogramma,Walleye_pollock,503.0,850.0
2002-6-25,6027,64,Oncorhynchus_tshawytscha,Chinook_Imm.,272.0,230.0
2002-6-25,6027,65,Oncorhynchus_tshawytscha,Chinook_Imm.,332.0,480.0
2002-6-25,6027,66,Oncorhynchus_tshawytscha,Chinook_Imm.,282.0,295.0
2002-6-25,6027,67,Oncorhynchus_tshawytscha,Chinook_Imm.,417.0,890.0
2002-6-25,6028,3,Theragra_chalcogramma,Walleye_pollock,512.0,700.0
2002-6-25,6029,5,Theragra_chalcogramma,Walleye_pollock,475.0,650.0
2002-6-25,6029,6,Theragra_chalcogramma,Walleye_pollock,495.0,750.0
2002-6-25,6029,7,Oncorhynchus_tshawytscha,Chinook_Imm.,378.0,745.0
2002-6-25,6029,8,Oncorhynchus_tshawytscha,Chinook_Imm.,352.0,597.0
2002-6-25,6030,2,Oncorhynchus_tshawytscha,Chinook_Imm.,320.0,423.0
2002-6-25,6030,3,Theragra_chalcogramma,Walleye_pollock,545.0,1100.0
2002-6-25,6030,4,Theragra_chalcogramma,Walleye_pollock,476.0,460.0
2002-6-25,6030,5,Theragra_chalcogramma,Walleye_pollock,484.0,740.0
2002-6-26,6031,20,Theragra_chalcogramma,Walleye_pollock,405.0,450.0
2002-6-26,6032,3,Oncorhynchus_tshawytscha,Chinook_Imm.,332.0,480.0
2002-6-26,6032,4,Oncorhynchus_keta,Chum_Adult,740.0,5100.0
2002-6-26,6032,5,Oncorhynchus_keta,Chum_Adult,628.0,3250.0
2002-6-26,6033,18,Oncorhynchus_tshawytscha,Chinook_Imm.,556.0,2050.0
2002-6-26,6033,20,Trichodon_trichodon,Pac._Sandfish,234.0,160.0
2002-6-26,6033,42,Theragra_chalcogramma,Walleye_pollock,266.0,145.0
2002-6-26,6033,43,Theragra_chalcogramma,Walleye_pollock,281.0,172.0
2002-6-26,6033,44,Theragra_chalcogramma,Walleye_pollock,264.0,130.0
2002-6-26,6033,45,Theragra_chalcogramma,Walleye_pollock,275.0,154.0
2002-6-26,6033,46,Theragra_chalcogramma,Walleye_pollock,257.0,125.0
2002-6-26,6033,47,Theragra_chalcogramma,Walleye_pollock,247.0,128.0
2002-6-26,6033,48,Theragra_chalcogramma,Walleye_pollock,261.0,135.0
2002-6-26,6033,49,Theragra_chalcogramma,Walleye_pollock,246.0,120.0
2002-6-26,6033,50,Theragra_chalcogramma,Walleye_pollock,265.0,155.0
2002-6-26,6033,51,Theragra_chalcogramma,Walleye_pollock,276.0,150.0
2002-6-26,6034,20,Theragra_chalcogramma,Walleye_pollock,533.0,990.0
2002-6-26,6034,21,Oncorhynchus_kisutch,Coho_Adult,620.0,2720.0
2002-6-26,6034,22,Oncorhynchus_tshawytscha,Chinook_Imm.,296.0,310.0
2002-6-26,6034,34,Oncorhynchus_gorbuscha,Pink_Adult,530.0,1800.0
2002-6-27,6035,33,Oncorhynchus_keta,Chum_Adult,688.0,3400.0
2002-6-27,6035,34,Oncorhynchus_keta,Chum_Adult,775.0,7500.0
2002-6-27,6035,49,Theragra_chalcogramma,Walleye_pollock,293.0,190.0
2002-6-27,6035,50,Theragra_chalcogramma,Walleye_pollock,268.0,140.0
2002-6-27,6035,51,Theragra_chalcogramma,Walleye_pollock,267.0,123.0
2002-6-27,6035,52,Theragra_chalcogramma,Walleye_pollock,266.0,143.0
2002-6-27,6035,53,Theragra_chalcogramma,Walleye_pollock,272.0,141.0
2002-6-27,6035,54,Theragra_chalcogramma,Walleye_pollock,251.0,128.0
2002-6-27,6035,55,Theragra_chalcogramma,Walleye_pollock,264.0,136.0
2002-6-27,6035,56,Theragra_chalcogramma,Walleye_pollock,260.0,121.0
2002-6-27,6035,57,Theragra_chalcogramma,Walleye_pollock,277.0,148.0
2002-6-27,6035,58,Theragra_chalcogramma,Walleye_pollock,254.0,135.0
2002-6-27,6038,1,Oncorhynchus_tshawytscha,Chinook_Imm.,333.0,450.0
2002-7-23,6040,74,Theragra_chalcogramma,Walleye_pollock,605.0,1250.0
2002-7-23,6040,75,Oncorhynchus_gorbuscha,Pink_Adult,528.0,2050.0
2002-7-23,6040,76,Oncorhynchus_gorbuscha,Pink_Adult,480.0,1350.0
2002-7-23,6040,77,Oncorhynchus_tshawytscha,Chinook_Imm.,344.0,530.0
2002-7-23,6041,43,Theragra_chalcogramma,Walleye_pollock,513.0,890.0
2002-7-23,6042,226,Oncorhynchus_gorbuscha,Pink_Adult,492.0,1500.0
2002-7-23,6042,227,Oncorhynchus_tshawytscha,Chinook_Imm.,344.0,560.0
2002-7-24,6043,168,Oncorhynchus_gorbuscha,Pink_Adult,490.0,1250.0
2002-7-24,6045,266,Oncorhynchus_kisutch,Coho_Adult,616.0,2700.0
2002-7-25,6047,143,Oncorhynchus_gorbuscha,Pink_Adult,418.0,820.0
2002-7-26,6048,55,Oncorhynchus_kisutch,Coho_Adult,688.0,3550.0
2002-7-26,6048,56,Oncorhynchus_tshawytscha,Chinook_Imm.,378.0,700.0
2002-7-26,6050,88,Oncorhynchus_gorbuscha,Pink_Adult,505.0,1450.0
2002-7-26,6050,89,Oncorhynchus_gorbuscha,Pink_Adult,462.0,1000.0
2002-7-26,6050,90,Oncorhynchus_tshawytscha,Chinook_Imm.,393.0,700.0
2002-7-26,6050,91,Oncorhynchus_tshawytscha,Chinook_Imm.,424.0,800.0
2002-7-26,6052,54,Oncorhynchus_kisutch,Coho_Adult,645.0,3200.0
2002-7-26,6052,55,Oncorhynchus_tshawytscha,Chinook_Imm.,645.0,3700.0
2002-7-26,6051,413,Theragra_chalcogramma,Walleye_pollock,525.0,850.0
2002-7-27,6054,13,Oncorhynchus_tshawytscha,Chinook_Imm.,650.0,370.0
2002-7-27,6054,14,Oncorhynchus_gorbuscha,Pink_Adult,468.0,1220.0
2002-7-27,6056,312,Oncorhynchus_nerka,Sockeye_1_Ocean,335.0,450.0
2002-7-27,6055,92,Oncorhynchus_tshawytscha,Chinook_Imm.,344.0,470.0
2002-7-28,6057,1,Oncorhynchus_gorbuscha,Pink_Adult,542.0,1600.0
2002-7-28,6058,12,Theragra_chalcogramma,Walleye_pollock,350.0,220.0
2002-7-28,6059,23,Oncorhynchus_gorbuscha,Pink_Adult,505.0,1400.0
2002-7-29,6060,12,Oncorhynchus_tshawytscha,Chinook_Imm.,566.0,2450.0
2002-7-29,6061,199,Oncorhynchus_gorbuscha,Pink_Adult,490.0,1100.0
2002-7-29,6061,200,Oncorhynchus_gorbuscha,Pink_Adult,515.0,1800.0
2002-7-29,6062,11,Squalus_acanthias,Spiny_dogfish,770.0,2600.0
2002-7-29,6062,12,Oncorhynchus_keta,Chum_Adult,625.0,2600.0
2002-7-29,6063,1,Oncorhynchus_gorbuscha,Pink_Adult,502.0,1600.0
2002-7-30,6064,23,Theragra_chalcogramma,Walleye_pollock,480.0,700.0
2002-7-30,6067,3,Oncorhynchus_gorbuscha,Pink_Adult,502.0,1300.0
2002-8-23,6070,7,Oncorhynchus_kisutch,Coho_Adult,552.0,1980.0
2002-8-23,6070,8,Oncorhynchus_tshawytscha,Chinook_Imm.,445.0,1190.0
2002-8-23,6072,4,Oncorhynchus_tshawytscha,Chinook_Imm.,425.0,1050.0
2002-8-23,6073,9,Theragra_chalcogramma,Walleye_pollock,530.0,1050.0
2002-8-24,6074,6,Oncorhynchus_gorbuscha,Pink_Adult,450.0,995.0
2002-8-24,6074,7,Theragra_chalcogramma,Walleye_pollock,405.0,550.0
2002-8-24,6074,8,Theragra_chalcogramma,Walleye_pollock,280.0,150.0
2002-8-24,6075,25,Oncorhynchus_kisutch,Coho_Adult,685.0,4100.0
2002-8-24,6075,26,Theragra_chalcogramma,Walleye_pollock,325.0,350.0
2002-8-25,6078,45,Oncorhynchus_kisutch,Coho_Adult,638.0,3400.0
2002-8-25,6078,46,Oncorhynchus_kisutch,Coho_Adult,656.0,3300.0
2002-8-25,6078,47,Anoplopoma_fimbria,Sablefish_1ocean,338.0,510.0
2002-8-25,6078,48,Anoplopoma_fimbria,Sablefish_1ocean,394.0,580.0
2002-8-27,6085,42,Oncorhynchus_kisutch,Coho_Adult,467.0,1150.0
2002-8-27,6086,19,Oncorhynchus_keta,Chum_Adult,658.0,3330.0
2002-8-27,6087,575,Oncorhynchus_tshawytscha,Chinook_Imm.,450.0,1100.0
2002-8-27,6087,576,Oncorhynchus_kisutch,Coho_Adult,385.0,750.0
2002-8-27,6087,577,Oncorhynchus_kisutch,Coho_Adult,620.0,3100.0
2002-8-27,6088,3,Oncorhynchus_gorbuscha,Pink_Adult,495.0,1550.0
2002-8-28,6089,9,Oncorhynchus_tshawytscha,Chinook_Imm.,530.0,1850.0
2002-8-28,6090,31,Oncorhynchus_kisutch,Coho_Adult,693.0,3850.0
2002-8-28,6090,32,Oncorhynchus_kisutch,Coho_Adult,650.0,3400.0
2002-8-28,6090,33,Oncorhynchus_gorbuscha,Pink_Adult,405.0,600.0
2002-8-28,6091,59,Oncorhynchus_kisutch,Coho_Adult,717.0,4950.0
2002-8-28,6092,1,Oncorhynchus_tshawytscha,Chinook_Imm.,392.0,750.0
2002-8-29,6093,2,Oncorhynchus_kisutch,Coho_Adult,617.0,2950.0
2002-8-29,6095,6,Oncorhynchus_kisutch,Coho_Adult,625.0,2850.0
2003-6-12,7023,1,Oncorhynchus_tshawytscha,Chinook_Imm.,345.0,550.0
2003-6-12,7023,2,Oncorhynchus_tshawytscha,Chinook_Imm.,305.0,380.0
2003-6-12,7023,3,Oncorhynchus_tshawytscha,Chinook_Imm.,299.0,350.0
2003-6-12,7024,1,Oncorhynchus_keta,Chum_Adult,605.0,2500.0
2003-6-12,7025,1,Gadus_macrocephalus,Pcod,312.0,270.0
2003-6-12,7025,2,Gadus_macrocephalus,Pcod,310.0,175.0
2003-6-12,7025,3,Gadus_macrocephalus,Pcod,331.0,310.0
2003-6-12,7025,4,Gadus_macrocephalus,Pcod,305.0,230.0
2003-6-12,7025,5,Gadus_macrocephalus,Pcod,290.0,195.0
2003-6-12,7025,6,Gadus_macrocephalus,Pcod,338.0,275.0
2003-6-12,7025,7,Gadus_macrocephalus,Pcod,302.0,245.0
2003-6-12,7025,8,Gadus_macrocephalus,Pcod,284.0,130.0
2003-6-12,7025,9,Gadus_macrocephalus,Pcod,305.0,235.0
2003-6-12,7025,10,Gadus_macrocephalus,Pcod,310.0,225.0
2003-6-13,7028,1,Oncorhynchus_tshawytscha,Chinook_Imm.,300.0,345.0
2003-6-13,7028,2,Oncorhynchus_tshawytscha,Chinook_Imm.,312.0,420.0
2003-6-13,7030,1,Theragra_chalcogramma,Walleye_pollock,297.0,170.0
2003-6-13,7030,2,Theragra_chalcogramma,Walleye_pollock,260.0,105.0
2003-6-15,7031,1,Theragra_chalcogramma,Walleye_pollock,290.0,190.0
2003-6-15,7031,2,Theragra_chalcogramma,Walleye_pollock,303.0,200.0
2003-6-15,7031,3,Theragra_chalcogramma,Walleye_pollock,315.0,240.0
2003-6-15,7031,4,Theragra_chalcogramma,Walleye_pollock,352.0,320.0
2003-6-15,7031,5,Theragra_chalcogramma,Walleye_pollock,325.0,260.0
2003-6-15,7031,6,Theragra_chalcogramma,Walleye_pollock,298.0,190.0
2003-6-15,7031,7,Theragra_chalcogramma,Walleye_pollock,310.0,230.0
2003-6-15,7031,8,Theragra_chalcogramma,Walleye_pollock,304.0,210.0
2003-6-15,7031,9,Theragra_chalcogramma,Walleye_pollock,314.0,250.0
2003-6-15,7031,10,Theragra_chalcogramma,Walleye_pollock,318.0,230.0
2003-6-15,7031,11,Oncorhynchus_tshawytscha,Chinook_Imm.,437.0,1100.0
2003-6-15,7031,12,Oncorhynchus_keta,Chum_Adult,655.0,3200.0
2003-6-15,7031,13,Oncorhynchus_nerka,Sockeye_Adult,669.0,2500.0
2003-6-22,7041,1,Squalus_acanthias,Spiny_dogfish,655.0,1400.0
2003-6-22,7041,2,Squalus_acanthias,Spiny_dogfish,688.0,1700.0
2003-6-22,7042,1,Oncorhynchus_gorbuscha,Pink_Adult,545.0,1950.0
2003-6-22,7042,2,Oncorhynchus_gorbuscha,Pink_Adult,545.0,1850.0
2003-6-23,7044,15,Oncorhynchus_tshawytscha,Chinook_Imm.,267.0,215.0
2003-6-23,7045,28,Oncorhynchus_tshawytscha,Chinook_Imm.,292.0,350.0
2003-6-23,7045,29,Theragra_chalcogramma,Walleye_pollock,295.0,205.0
2003-6-23,7045,30,Theragra_chalcogramma,Walleye_pollock,322.0,260.0
2003-6-23,7045,31,Theragra_chalcogramma,Walleye_pollock,353.0,335.0
2003-6-23,7045,32,Theragra_chalcogramma,Walleye_pollock,314.0,210.0
2003-6-23,7045,33,Theragra_chalcogramma,Walleye_pollock,324.0,260.0
2003-6-23,7045,34,Theragra_chalcogramma,Walleye_pollock,310.0,235.0
2003-6-23,7045,35,Theragra_chalcogramma,Walleye_pollock,344.0,330.0
2003-6-23,7045,36,Theragra_chalcogramma,Walleye_pollock,313.0,255.0
2003-6-23,7045,37,Theragra_chalcogramma,Walleye_pollock,310.0,245.0
2003-6-23,7045,38,Theragra_chalcogramma,Walleye_pollock,311.0,250.0
2003-6-23,7045,39,Theragra_chalcogramma,Walleye_pollock,311.0,230.0
2003-6-23,7045,40,Theragra_chalcogramma,Walleye_pollock,327.0,260.0
2003-6-23,7045,41,Theragra_chalcogramma,Walleye_pollock,306.0,215.0
2003-6-23,7045,42,Theragra_chalcogramma,Walleye_pollock,327.0,255.0
2003-6-23,7045,43,Theragra_chalcogramma,Walleye_pollock,292.0,195.0
2003-6-23,7045,44,Theragra_chalcogramma,Walleye_pollock,308.0,185.0
2003-6-23,7047,12,Theragra_chalcogramma,Walleye_pollock,304.0,275.0
2003-6-23,7047,13,Theragra_chalcogramma,Walleye_pollock,313.0,245.0
2003-6-23,7047,14,Theragra_chalcogramma,Walleye_pollock,281.0,140.0
2003-6-23,7047,15,Theragra_chalcogramma,Walleye_pollock,330.0,240.0
2003-6-23,7047,16,Theragra_chalcogramma,Walleye_pollock,336.0,310.0
2003-6-23,7047,17,Theragra_chalcogramma,Walleye_pollock,314.0,230.0
2003-6-24,7048,313,Oncorhynchus_tshawytscha,Chinook_Imm.,389.0,810.0
2003-6-24,7048,314,Oncorhynchus_tshawytscha,Chinook_Imm.,265.0,220.0
2003-6-24,7048,315,Oncorhynchus_tshawytscha,Chinook_Imm.,350.0,580.0
2003-6-24,7048,316,Oncorhynchus_tshawytscha,Chinook_Imm.,315.0,390.0
2003-6-24,7048,317,Oncorhynchus_tshawytscha,Chinook_Imm.,338.0,490.0
2003-6-24,7048,318,Theragra_chalcogramma,Walleye_pollock,340.0,350.0
2003-6-24,7049,19,Oncorhynchus_tshawytscha,Chinook_Imm.,292.0,340.0
2003-6-24,7049,22,Oncorhynchus_tshawytscha,Chinook_Imm.,350.0,630.0
2003-6-24,7049,23,Oncorhynchus_tshawytscha,Chinook_Imm.,315.0,460.0
2003-6-24,7049,24,Oncorhynchus_keta,Chum_Adult,634.0,2600.0
2003-6-24,7050,39,Oncorhynchus_tshawytscha,Chinook_Imm.,288.0,285.0
2003-6-24,7050,40,Oncorhynchus_keta,Chum_Adult,691.0,3810.0
2003-6-24,7051,42,Oncorhynchus_tshawytscha,Chinook_Imm.,333.0,490.0
2003-6-24,7051,43,Oncorhynchus_tshawytscha,Chinook_Imm.,339.0,540.0
2003-6-24,7052,4,Oncorhynchus_tshawytscha,Chinook_Imm.,322.0,430.0
2003-6-24,7052,5,Oncorhynchus_tshawytscha,Chinook_Imm.,302.0,330.0
2003-6-24,7052,6,Oncorhynchus_tshawytscha,Chinook_Imm.,309.0,385.0
2003-6-24,7052,7,Oncorhynchus_gorbuscha,Pink_Adult,590.0,2350.0
2003-6-24,7052,8,Oncorhynchus_gorbuscha,Pink_Adult,565.0,2400.0
2003-6-24,7052,9,Oncorhynchus_gorbuscha,Pink_Adult,547.0,1900.0
2003-6-24,7052,10,Oncorhynchus_keta,Chum_Adult,652.0,2950.0
2003-6-25,7053,1,Oncorhynchus_gorbuscha,Pink_Adult,562.0,2300.0
2003-6-25,7053,2,Oncorhynchus_gorbuscha,Pink_Adult,505.0,1500.0
2003-6-25,7053,3,Oncorhynchus_gorbuscha,Pink_Adult,570.0,2500.0
2003-6-25,7053,4,Oncorhynchus_keta,Chum_Adult,689.0,3400.0
2003-6-25,7053,5,Oncorhynchus_keta,Chum_Adult,626.0,2700.0
2003-6-25,7053,6,Oncorhynchus_keta,Chum_Adult,611.0,2200.0
2003-6-25,7053,7,Oncorhynchus_keta,Chum_Adult,603.0,2300.0
2003-6-25,7053,8,Oncorhynchus_keta,Chum_Adult,626.0,2500.0
2003-6-25,7053,9,Oncorhynchus_kisutch,Coho_Adult,640.0,3300.0
2003-6-28,7055,1,Oncorhynchus_gorbuscha,Pink_Adult,545.0,2100.0
2003-6-28,7056,2,Oncorhynchus_gorbuscha,Pink_Adult,505.0,3550.0
2003-6-28,7056,3,Theragra_chalcogramma,Walleye_pollock,306.0,240.0
2003-6-28,7056,4,Theragra_chalcogramma,Walleye_pollock,316.0,235.0
2003-6-28,7056,5,Theragra_chalcogramma,Walleye_pollock,339.0,210.0
2003-6-28,7056,6,Theragra_chalcogramma,Walleye_pollock,328.0,200.0
2003-6-28,7056,7,Theragra_chalcogramma,Walleye_pollock,340.0,305.0
2003-6-28,7056,8,Theragra_chalcogramma,Walleye_pollock,306.0,240.0
2003-6-28,7056,9,Theragra_chalcogramma,Walleye_pollock,336.0,305.0
2003-6-28,7056,10,Theragra_chalcogramma,Walleye_pollock,282.0,185.0
2003-6-28,7056,11,Theragra_chalcogramma,Walleye_pollock,288.0,130.0
2003-6-28,7056,12,Theragra_chalcogramma,Walleye_pollock,321.0,280.0
2003-6-28,7057,1,Oncorhynchus_gorbuscha,Pink_Adult,546.0,1900.0
2003-6-30,7062,1,Oncorhynchus_gorbuscha,Pink_Adult,485.0,1400.0
2003-6-30,7062,2,Oncorhynchus_gorbuscha,Pink_Adult,496.0,1500.0
2003-6-30,7062,3,Oncorhynchus_keta,Chum_Adult,595.0,2400.0
2003-6-30,7062,4,Oncorhynchus_keta,Chum_Adult,676.0,3750.0
2003-6-30,7062,5,Oncorhynchus_keta,Chum_Adult,598.0,2700.0
2003-6-30,7062,6,Oncorhynchus_keta,Chum_Adult,632.0,2900.0
2003-7-23,7063,3,Squalus_acanthias,Spiny_dogfish,838.0,3950.0
2003-7-23,7063,4,Squalus_acanthias,Spiny_dogfish,705.0,1700.0
2003-7-23,7063,5,Squalus_acanthias,Spiny_dogfish,765.0,2000.0
2003-7-23,7063,6,Squalus_acanthias,Spiny_dogfish,575.0,1000.0
2003-7-23,7064,5,Oncorhynchus_gorbuscha,Pink_Adult,535.0,2050.0
2003-7-23,7064,6,Squalus_acanthias,Spiny_dogfish,765.0,2800.0
2003-7-23,7064,7,Squalus_acanthias,Spiny_dogfish,560.0,905.0
2003-7-23,7064,8,Squalus_acanthias,Spiny_dogfish,675.0,1600.0
2003-7-23,7064,9,Squalus_acanthias,Spiny_dogfish,645.0,1300.0
2003-7-23,7064,10,Squalus_acanthias,Spiny_dogfish,790.0,2900.0
2003-7-23,7064,11,Squalus_acanthias,Spiny_dogfish,660.0,1550.0
2003-7-23,7064,12,Squalus_acanthias,Spiny_dogfish,750.0,2250.0
2003-7-23,7064,13,Squalus_acanthias,Spiny_dogfish,670.0,1670.0
2003-7-23,7064,14,Squalus_acanthias,Spiny_dogfish,535.0,700.0
2003-7-23,7064,15,Squalus_acanthias,Spiny_dogfish,780.0,2600.0
2003-7-23,7064,16,Squalus_acanthias,Spiny_dogfish,795.0,2700.0
2003-7-23,7064,17,Squalus_acanthias,Spiny_dogfish,810.0,3250.0
2003-7-23,7064,18,Squalus_acanthias,Spiny_dogfish,815.0,3400.0
2003-7-23,7064,19,Squalus_acanthias,Spiny_dogfish,605.0,1600.0
2003-7-23,7064,20,Squalus_acanthias,Spiny_dogfish,720.0,2200.0
2003-7-23,7064,21,Squalus_acanthias,Spiny_dogfish,655.0,1600.0
2003-7-23,7064,22,Squalus_acanthias,Spiny_dogfish,695.0,1800.0
2003-7-23,7065,231,Squalus_acanthias,Spiny_dogfish,930.0,4800.0
2003-7-24,7069,76,Oncorhynchus_gorbuscha,Pink_Adult,515.0,1550.0
2003-7-24,7070,31,Theragra_chalcogramma,Walleye_pollock,300.0,200.0
2003-7-24,7070,32,Theragra_chalcogramma,Walleye_pollock,339.0,320.0
2003-7-24,7070,33,Theragra_chalcogramma,Walleye_pollock,324.0,185.0
2003-7-24,7070,34,Theragra_chalcogramma,Walleye_pollock,351.0,350.0
2003-7-24,7070,35,Theragra_chalcogramma,Walleye_pollock,313.0,220.0
2003-7-24,7070,36,Theragra_chalcogramma,Walleye_pollock,324.0,285.0
2003-7-24,7070,37,Theragra_chalcogramma,Walleye_pollock,309.0,260.0
2003-7-24,7070,38,Theragra_chalcogramma,Walleye_pollock,309.0,200.0
2003-7-24,7070,39,Theragra_chalcogramma,Walleye_pollock,332.0,290.0
2003-7-24,7070,40,Theragra_chalcogramma,Walleye_pollock,335.0,280.0
2003-7-24,7070,41,Oncorhynchus_gorbuscha,Pink_Adult,505.0,1650.0
2003-7-24,7070,42,Oncorhynchus_gorbuscha,Pink_Adult,490.0,1490.0
2003-7-24,7070,43,Oncorhynchus_gorbuscha,Pink_Adult,515.0,1600.0
2003-7-24,7071,89,Theragra_chalcogramma,Walleye_pollock,350.0,310.0
2003-7-25,7073,203,Oncorhynchus_gorbuscha,Pink_Adult,517.0,1600.0
2003-7-25,7076,74,Oncorhynchus_gorbuscha,Pink_Adult,555.0,1750.0
2003-7-26,7077,42,Theragra_chalcogramma,Walleye_pollock,414.0,415.0
2003-7-26,7077,43,Theragra_chalcogramma,Walleye_pollock,318.0,440.0
2003-7-26,7078,45,Theragra_chalcogramma,Walleye_pollock,260.0,322.0
2003-7-26,7078,46,Theragra_chalcogramma,Walleye_pollock,328.0,295.0
2003-7-26,7078,47,Theragra_chalcogramma,Walleye_pollock,325.0,255.0
2003-7-26,7078,48,Theragra_chalcogramma,Walleye_pollock,339.0,290.0
2003-7-26,7078,49,Theragra_chalcogramma,Walleye_pollock,332.0,300.0
2003-7-26,7078,50,Theragra_chalcogramma,Walleye_pollock,364.0,335.0
2003-7-26,7078,51,Theragra_chalcogramma,Walleye_pollock,338.0,280.0
2003-7-26,7078,52,Theragra_chalcogramma,Walleye_pollock,336.0,295.0
2003-7-26,7078,53,Theragra_chalcogramma,Walleye_pollock,390.0,445.0
2003-7-26,7078,54,Theragra_chalcogramma,Walleye_pollock,376.0,490.0
2003-7-26,7079,29,Oncorhynchus_gorbuscha,Pink_Adult,494.0,1250.0
2003-7-26,7079,30,Oncorhynchus_gorbuscha,Pink_Adult,505.0,1550.0
2003-7-26,7079,31,Oncorhynchus_gorbuscha,Pink_Adult,595.0,2500.0
2003-7-26,7079,32,Theragra_chalcogramma,Walleye_pollock,320.0,300.0
2003-7-27,7084,26,Oncorhynchus_gorbuscha,Pink_Adult,518.0,1650.0
2003-7-29,7085,1,Theragra_chalcogramma,Walleye_pollock,326.0,260.0
2003-7-29,7085,2,Theragra_chalcogramma,Walleye_pollock,317.0,230.0
2003-7-29,7085,3,Theragra_chalcogramma,Walleye_pollock,342.0,290.0
2003-7-29,7085,4,Theragra_chalcogramma,Walleye_pollock,308.0,250.0
2003-7-29,7085,5,Theragra_chalcogramma,Walleye_pollock,327.0,310.0
2003-7-29,7085,6,Theragra_chalcogramma,Walleye_pollock,316.0,250.0
2003-7-29,7085,7,Theragra_chalcogramma,Walleye_pollock,399.0,460.0
2003-7-29,7085,8,Theragra_chalcogramma,Walleye_pollock,358.0,350.0
2003-7-29,7085,9,Theragra_chalcogramma,Walleye_pollock,347.0,280.0
2003-7-29,7085,10,Theragra_chalcogramma,Walleye_pollock,319.0,270.0
2003-7-29,7085,31,Oncorhynchus_gorbuscha,Pink_Adult,433.0,1000.0
2003-8-8,7089,36,Oncorhynchus_tshawytscha,Chinook_Imm.,480.0,1400.0
2003-8-8,7090,55,Oncorhynchus_gorbuscha,Pink_Adult,450.0,1100.0
2003-8-8,7090,56,Oncorhynchus_tshawytscha,Chinook_Imm.,380.0,700.0
2003-8-9,7092,77,Oncorhynchus_tshawytscha,Chinook_Imm.,535.0,3100.0
2003-8-9,7092,78,Oncorhynchus_kisutch,Coho_Adult,770.0,6600.0
2003-8-9,7093,141,Theragra_chalcogramma,Walleye_pollock,329.0,305.0
2003-8-9,7093,142,Theragra_chalcogramma,Walleye_pollock,325.0,270.0
2003-8-9,7093,143,Theragra_chalcogramma,Walleye_pollock,347.0,365.0
2003-8-9,7093,144,Theragra_chalcogramma,Walleye_pollock,290.0,195.0
2003-8-9,7093,145,Theragra_chalcogramma,Walleye_pollock,307.0,220.0
2003-8-9,7093,146,Theragra_chalcogramma,Walleye_pollock,299.0,230.0
2003-8-9,7093,147,Theragra_chalcogramma,Walleye_pollock,324.0,290.0
2003-8-9,7093,148,Theragra_chalcogramma,Walleye_pollock,303.0,235.0
2003-8-9,7093,149,Theragra_chalcogramma,Walleye_pollock,293.0,140.0
2003-8-9,7093,150,Theragra_chalcogramma,Walleye_pollock,313.0,245.0
2003-8-9,7093,161,Merluccius_productus,Pacific_hake,415.0,600.0
2003-8-9,7093,162,Oncorhynchus_tshawytscha,Chinook_Imm.,480.0,1650.0
2003-8-9,7093,163,Oncorhynchus_tshawytscha,Chinook_Imm.,370.0,710.0
2003-8-9,7094,27,Theragra_chalcogramma,Walleye_pollock,355.0,405.0
2003-8-9,7094,28,Theragra_chalcogramma,Walleye_pollock,314.0,235.0
2003-8-10,7097,5,Oncorhynchus_kisutch,Coho_Adult,667.0,3450.0
2003-8-10,7097,6,Oncorhynchus_keta,Chum_Adult,542.0,2050.0
2003-8-10,7097,7,Oncorhynchus_gorbuscha,Pink_Adult,510.0,1450.0
2003-8-10,7097,8,Oncorhynchus_gorbuscha,Pink_Adult,478.0,1410.0
2003-8-10,7098,1,Theragra_chalcogramma,Walleye_pollock,329.0,330.0
2003-8-10,7098,2,Theragra_chalcogramma,Walleye_pollock,303.0,220.0
2003-8-10,7098,3,Theragra_chalcogramma,Walleye_pollock,335.0,300.0
2003-8-10,7098,4,Theragra_chalcogramma,Walleye_pollock,347.0,345.0
2003-8-10,7098,5,Theragra_chalcogramma,Walleye_pollock,324.0,295.0
2003-8-10,7098,6,Theragra_chalcogramma,Walleye_pollock,279.0,190.0
2003-8-10,7098,7,Theragra_chalcogramma,Walleye_pollock,319.0,285.0
2003-8-10,7098,8,Theragra_chalcogramma,Walleye_pollock,309.0,250.0
2003-8-10,7098,9,Theragra_chalcogramma,Walleye_pollock,314.0,270.0
2003-8-10,7098,10,Theragra_chalcogramma,Walleye_pollock,309.0,245.0
2003-8-10,7099,62,Theragra_chalcogramma,Walleye_pollock,324.0,280.0
2003-8-10,7099,63,Theragra_chalcogramma,Walleye_pollock,347.0,330.0
2003-8-10,7099,64,Theragra_chalcogramma,Walleye_pollock,328.0,245.0
2003-8-10,7099,65,Theragra_chalcogramma,Walleye_pollock,341.0,370.0
2003-8-10,7099,66,Theragra_chalcogramma,Walleye_pollock,327.0,285.0
2003-8-10,7099,67,Theragra_chalcogramma,Walleye_pollock,325.0,280.0
2003-8-10,7099,68,Theragra_chalcogramma,Walleye_pollock,318.0,250.0
2003-8-10,7099,69,Theragra_chalcogramma,Walleye_pollock,313.0,240.0
2003-8-10,7099,70,Theragra_chalcogramma,Walleye_pollock,333.0,280.0
2003-8-10,7099,71,Theragra_chalcogramma,Walleye_pollock,376.0,385.0
2003-8-10,7099,72,Oncorhynchus_gorbuscha,Pink_Adult,508.0,1550.0
2003-8-11,7100,65,Theragra_chalcogramma,Walleye_pollock,333.0,300.0
2003-8-11,7100,66,Theragra_chalcogramma,Walleye_pollock,318.0,240.0
2003-8-11,7100,67,Theragra_chalcogramma,Walleye_pollock,321.0,240.0
2003-8-11,7100,68,Theragra_chalcogramma,Walleye_pollock,341.0,285.0
2003-8-11,7100,69,Theragra_chalcogramma,Walleye_pollock,309.0,265.0
2003-8-11,7100,70,Theragra_chalcogramma,Walleye_pollock,323.0,295.0
2003-8-11,7100,71,Theragra_chalcogramma,Walleye_pollock,326.0,310.0
2003-8-11,7100,72,Theragra_chalcogramma,Walleye_pollock,324.0,275.0
2003-8-11,7100,73,Theragra_chalcogramma,Walleye_pollock,352.0,380.0
2003-8-11,7100,74,Theragra_chalcogramma,Walleye_pollock,359.0,370.0
2003-8-11,7100,75,Theragra_chalcogramma,Walleye_pollock,297.0,230.0
2003-8-11,7100,76,Oncorhynchus_tshawytscha,Chinook_Imm.,545.0,2150.0
2003-8-21,7103,11,Oncorhynchus_gorbuscha,Pink_Adult,505.0,1450.0
2003-8-21,7105,11,Oncorhynchus_gorbuscha,Pink_Adult,530.0,1550.0
2004-5-20,8010,1,Oncorhynchus_tshawytscha,Chinook_Imm.,324.0,455.0
2004-5-20,8010,2,Oncorhynchus_tshawytscha,Chinook_Imm.,278.0,290.0
2004-6-21,8020,58,Squalus_acanthias,Spiny_dogfish,585.0,900.0
2004-6-21,8020,59,Squalus_acanthias,Spiny_dogfish,712.0,1800.0
2004-6-21,8020,60,Squalus_acanthias,Spiny_dogfish,703.0,1900.0
2004-6-21,8020,61,Oncorhynchus_keta,Chum_Adult,575.0,2000.0
2004-6-21,8020,62,Sebastes_melanops,Black_rockfish,510.0,2400.0
2004-6-21,8024,1,Oncorhynchus_gorbuscha,Pink_Adult,425.0,800.0
2004-6-21,8024,2,Squalus_acanthias,Spiny_dogfish,670.0,1750.0
2004-6-22,8025,122,Oncorhynchus_tshawytscha,Chinook_Imm.,580.0,2350.0
2004-6-22,8025,123,Oncorhynchus_tshawytscha,Chinook_Imm.,553.0,2150.0
2004-6-22,8025,124,Oncorhynchus_tshawytscha,Chinook_Imm.,450.0,1200.0
2004-6-22,8025,125,Oncorhynchus_tshawytscha,Chinook_Imm.,346.0,600.0
2004-6-22,8025,126,Oncorhynchus_tshawytscha,Chinook_Imm.,357.0,550.0
2004-6-22,8025,127,Oncorhynchus_keta,Chum_Adult,710.0,3900.0
2004-6-22,8025,128,Platichthys_stellatus,Starry_flounder,335.0,300.0
2004-6-22,8026,1,Theragra_chalcogramma,Walleye_pollock,390.0,300.0
2004-6-22,8026,2,Theragra_chalcogramma,Walleye_pollock,387.0,400.0
2004-6-22,8026,3,Theragra_chalcogramma,Walleye_pollock,393.0,300.0
2004-6-22,8026,4,Theragra_chalcogramma,Walleye_pollock,342.0,200.0
2004-6-22,8026,5,Theragra_chalcogramma,Walleye_pollock,321.0,150.0
2004-6-22,8026,6,Theragra_chalcogramma,Walleye_pollock,353.0,200.0
2004-6-22,8026,7,Theragra_chalcogramma,Walleye_pollock,338.0,150.0
2004-6-22,8026,8,Theragra_chalcogramma,Walleye_pollock,383.0,350.0
2004-6-22,8026,9,Theragra_chalcogramma,Walleye_pollock,320.0,150.0
2004-6-22,8026,10,Theragra_chalcogramma,Walleye_pollock,340.0,225.0
2004-6-22,8026,125,Trichodon_trichodon,Pac._Sandfish,225.0,400.0
2004-6-22,8027,54,Theragra_chalcogramma,Walleye_pollock,354.0,300.0
2004-6-22,8027,55,Theragra_chalcogramma,Walleye_pollock,384.0,400.0
2004-6-22,8027,56,Theragra_chalcogramma,Walleye_pollock,380.0,400.0
2004-6-22,8027,57,Theragra_chalcogramma,Walleye_pollock,362.0,325.0
2004-6-22,8027,58,Theragra_chalcogramma,Walleye_pollock,378.0,300.0
2004-6-22,8028,189,Oncorhynchus_keta,Chum_Adult,725.0,4600.0
2004-6-23,8030,1,Oncorhynchus_tshawytscha,Chinook_Imm.,313.0,350.0
2004-6-23,8031,240,Theragra_chalcogramma,Walleye_pollock,370.0,400.0
2004-6-23,8032,32,Theragra_chalcogramma,Walleye_pollock,391.0,450.0
2004-6-23,8032,33,Theragra_chalcogramma,Walleye_pollock,341.0,300.0
2004-6-23,8032,34,Theragra_chalcogramma,Walleye_pollock,381.0,400.0
2004-6-23,8032,35,Theragra_chalcogramma,Walleye_pollock,361.0,325.0
2004-6-23,8032,36,Theragra_chalcogramma,Walleye_pollock,384.0,450.0
2004-6-23,8032,37,Theragra_chalcogramma,Walleye_pollock,341.0,300.0
2004-6-23,8032,38,Theragra_chalcogramma,Walleye_pollock,365.0,400.0
2004-6-23,8032,39,Theragra_chalcogramma,Walleye_pollock,353.0,325.0
2004-6-23,8032,40,Theragra_chalcogramma,Walleye_pollock,311.0,250.0
2004-6-23,8032,41,Theragra_chalcogramma,Walleye_pollock,365.0,400.0
2004-6-24,8035,1,Theragra_chalcogramma,Walleye_pollock,363.0,300.0
2004-6-24,8035,2,Theragra_chalcogramma,Walleye_pollock,353.0,350.0
2004-6-24,8035,3,Theragra_chalcogramma,Walleye_pollock,357.0,325.0
2004-6-24,8035,4,Theragra_chalcogramma,Walleye_pollock,355.0,300.0
2004-6-24,8035,5,Theragra_chalcogramma,Walleye_pollock,335.0,300.0
2004-6-24,8035,6,Theragra_chalcogramma,Walleye_pollock,359.0,350.0
2004-6-24,8035,7,Theragra_chalcogramma,Walleye_pollock,347.0,350.0
2004-6-24,8035,8,Theragra_chalcogramma,Walleye_pollock,321.0,250.0
2004-6-24,8035,9,Theragra_chalcogramma,Walleye_pollock,339.0,300.0
2004-6-24,8035,10,Theragra_chalcogramma,Walleye_pollock,337.0,250.0
2004-6-24,8034,1,Theragra_chalcogramma,Walleye_pollock,386.0,450.0
2004-6-24,8034,2,Theragra_chalcogramma,Walleye_pollock,359.0,325.0
2004-6-24,8034,3,Theragra_chalcogramma,Walleye_pollock,384.0,425.0
2004-6-24,8034,4,Theragra_chalcogramma,Walleye_pollock,367.0,300.0
2004-6-24,8034,5,Theragra_chalcogramma,Walleye_pollock,369.0,400.0
2004-6-24,8034,6,Theragra_chalcogramma,Walleye_pollock,313.0,200.0
2004-6-24,8034,7,Theragra_chalcogramma,Walleye_pollock,361.0,300.0
2004-6-24,8034,8,Theragra_chalcogramma,Walleye_pollock,393.0,400.0
2004-6-24,8034,9,Theragra_chalcogramma,Walleye_pollock,376.0,375.0
2004-6-24,8034,10,Theragra_chalcogramma,Walleye_pollock,378.0,400.0
2004-6-25,8036,78,Theragra_chalcogramma,Walleye_pollock,379.0,425.0
2004-6-25,8036,79,Oncorhynchus_nerka,Sockeye_1_Ocean,638.0,2700.0
2004-6-25,8037,31,Oncorhynchus_tshawytscha,Chinook,295.0,0.0
2004-6-25,8037,32,Oncorhynchus_tshawytscha,Chinook_Imm.,365.0,0.0
2004-6-25,8037,33,Oncorhynchus_tshawytscha,Chinook,286.0,0.0
2004-6-25,8037,34,Oncorhynchus_tshawytscha,Chinook,233.0,0.0
2004-6-25,8037,35,Oncorhynchus_tshawytscha,Chinook_Imm.,375.0,0.0
2004-6-25,8037,36,Oncorhynchus_tshawytscha,Chinook_Imm.,388.0,0.0
2004-6-25,8037,37,Oncorhynchus_tshawytscha,Chinook_Imm.,355.0,0.0
2004-6-25,8037,678,Oncorhynchus_keta,Chum_Adult,710.0,390.0
2004-6-25,8039,414,Oncorhynchus_keta,Chum_Adult,670.0,3700.0
2004-6-28,8051,64,Oncorhynchus_keta,Chum_Adult,750.0,4600.0
2004-6-28,8051,65,Oncorhynchus_keta,Chum_Adult,705.0,4400.0
2004-6-28,8051,66,Oncorhynchus_keta,Chum_Adult,650.0,3250.0
2004-6-28,8051,67,Oncorhynchus_keta,Chum_Adult,710.0,4800.0
2004-6-28,8051,68,Oncorhynchus_keta,Chum_Adult,690.0,3900.0
2004-7-24,8056,35,Squalus_acanthias,Spiny_dogfish,570.0,1100.0
2004-7-24,8056,36,Squalus_acanthias,Spiny_dogfish,790.0,2400.0
2004-7-25,8061,44,Theragra_chalcogramma,Walleye_pollock,397.0,470.0
2004-7-25,8061,45,Theragra_chalcogramma,Walleye_pollock,410.0,480.0
2004-7-25,8061,46,Theragra_chalcogramma,Walleye_pollock,411.0,510.0
2004-7-25,8061,47,Theragra_chalcogramma,Walleye_pollock,368.0,420.0
2004-7-25,8061,48,Theragra_chalcogramma,Walleye_pollock,352.0,325.0
2004-7-25,8061,49,Theragra_chalcogramma,Walleye_pollock,353.0,380.0
2004-7-25,8061,50,Theragra_chalcogramma,Walleye_pollock,411.0,540.0
2004-7-25,8061,51,Theragra_chalcogramma,Walleye_pollock,359.0,360.0
2004-7-25,8061,52,Theragra_chalcogramma,Walleye_pollock,383.0,470.0
2004-7-25,8061,53,Theragra_chalcogramma,Walleye_pollock,324.0,265.0
2004-7-25,8061,54,Oncorhynchus_tshawytscha,Chinook_Imm.,320.0,420.0
2004-7-25,8061,55,Oncorhynchus_tshawytscha,Chinook_Imm.,410.0,1000.0
2004-7-25,8061,56,Oncorhynchus_gorbuscha,Pink_Adult,520.0,1550.0
2004-7-25,8062,44,Theragra_chalcogramma,Walleye_pollock,360.0,400.0
2004-7-25,8063,127,Oncorhynchus_tshawytscha,Chinook_Imm.,305.0,390.0
2004-7-26,8065,3,Oncorhynchus_tshawytscha,Chinook_Imm.,470.0,1420.0
2004-7-26,8065,9,Theragra_chalcogramma,Walleye_pollock,396.0,0.0
2004-7-26,8065,10,Theragra_chalcogramma,Walleye_pollock,383.0,0.0
2004-7-26,8065,11,Theragra_chalcogramma,Walleye_pollock,393.0,0.0
2004-7-26,8065,12,Theragra_chalcogramma,Walleye_pollock,361.0,0.0
2004-7-26,8067,27,Oncorhynchus_tshawytscha,Chinook_Imm.,480.0,1550.0
2004-7-26,8068,8,Oncorhynchus_gorbuscha,Pink_Adult,550.0,2050.0
2004-7-27,8070,12,Oncorhynchus_tshawytscha,Chinook_Imm.,430.0,450.0
2004-7-27,8072,2,Oncorhynchus_kisutch,Coho_Adult,599.0,2700.0
2004-7-28,8073,2,Theragra_chalcogramma,Walleye_pollock,377.0,400.0
2004-7-28,8073,3,Theragra_chalcogramma,Walleye_pollock,337.0,360.0
2004-7-28,8073,4,Theragra_chalcogramma,Walleye_pollock,369.0,430.0
2004-7-28,8073,5,Theragra_chalcogramma,Walleye_pollock,357.0,410.0
2004-7-28,8073,6,Theragra_chalcogramma,Walleye_pollock,349.0,340.0
2004-7-28,8073,7,Theragra_chalcogramma,Walleye_pollock,379.0,510.0
2004-7-28,8073,8,Theragra_chalcogramma,Walleye_pollock,363.0,430.0
2004-7-28,8073,9,Theragra_chalcogramma,Walleye_pollock,409.0,400.0
2004-7-28,8073,10,Theragra_chalcogramma,Walleye_pollock,355.0,520.0
2004-7-28,8073,11,Theragra_chalcogramma,Walleye_pollock,399.0,300.0
2004-7-28,8073,12,Oncorhynchus_gorbuscha,Pink_Adult,510.0,1850.0
2004-7-28,8073,13,Oncorhynchus_gorbuscha,Pink_Adult,535.0,1850.0
2004-7-28,8074,33,Theragra_chalcogramma,Walleye_pollock,359.0,340.0
2004-7-28,8074,34,Theragra_chalcogramma,Walleye_pollock,359.0,390.0
2004-7-28,8074,35,Theragra_chalcogramma,Walleye_pollock,336.0,350.0
2004-7-28,8074,36,Theragra_chalcogramma,Walleye_pollock,312.0,250.0
2004-7-28,8074,37,Theragra_chalcogramma,Walleye_pollock,331.0,300.0
2004-7-28,8074,38,Theragra_chalcogramma,Walleye_pollock,378.0,450.0
2004-7-28,8074,39,Theragra_chalcogramma,Walleye_pollock,393.0,505.0
2004-7-28,8074,40,Theragra_chalcogramma,Walleye_pollock,365.0,420.0
2004-7-28,8074,41,Theragra_chalcogramma,Walleye_pollock,318.0,285.0
2004-7-28,8074,42,Theragra_chalcogramma,Walleye_pollock,360.0,350.0
2004-7-29,8080,30,Oncorhynchus_tshawytscha,Chinook_Imm.,455.0,1200.0
2004-7-29,8080,31,Oncorhynchus_tshawytscha,Chinook_Imm.,403.0,800.0
2004-7-29,8080,32,Oncorhynchus_tshawytscha,Chinook_Imm.,370.0,600.0
2004-7-29,8080,33,Oncorhynchus_tshawytscha,Chinook_Imm.,392.0,750.0
2004-7-29,8080,34,Oncorhynchus_tshawytscha,Chinook_Imm.,352.0,2550.0
2004-7-29,8080,35,Oncorhynchus_tshawytscha,Chinook_Imm.,373.0,550.0
2004-7-29,8080,36,Oncorhynchus_tshawytscha,Chinook_Imm.,372.0,600.0
2004-7-29,8080,37,Oncorhynchus_tshawytscha,Chinook_Imm.,433.0,1100.0
2004-7-29,8080,38,Oncorhynchus_tshawytscha,Chinook_Imm.,375.0,650.0
2004-7-29,8081,22,Oncorhynchus_tshawytscha,Chinook_Imm.,460.0,1150.0
2004-7-29,8081,212,Oncorhynchus_gorbuscha,Pink_Adult,562.0,2050.0
2004-7-29,8082,17,Oncorhynchus_gorbuscha,Pink_Adult,560.0,1900.0
2004-7-30,8084,123,Oncorhynchus_kisutch,Coho_Adult,810.0,7300.0
2004-7-31,8085,98,Theragra_chalcogramma,Walleye_pollock,380.0,520.0
2004-7-31,8085,99,Theragra_chalcogramma,Walleye_pollock,365.0,415.0
2004-7-31,8085,100,Theragra_chalcogramma,Walleye_pollock,421.0,620.0
2004-7-31,8085,101,Theragra_chalcogramma,Walleye_pollock,464.0,860.0
2004-7-31,8085,102,Theragra_chalcogramma,Walleye_pollock,449.0,770.0
2004-7-31,8085,103,Theragra_chalcogramma,Walleye_pollock,358.0,380.0
2004-7-31,8085,104,Theragra_chalcogramma,Walleye_pollock,376.0,495.0
2004-7-31,8085,105,Theragra_chalcogramma,Walleye_pollock,353.0,365.0
2004-7-31,8085,106,Theragra_chalcogramma,Walleye_pollock,425.0,575.0
2004-7-31,8085,107,Theragra_chalcogramma,Walleye_pollock,335.0,350.0
2004-7-31,8085,108,Oncorhynchus_gorbuscha,Pink_Adult,542.0,1600.0
2004-7-31,8085,109,Oncorhynchus_tshawytscha,Chinook_Imm.,370.0,500.0
2004-7-31,8085,110,Oncorhynchus_tshawytscha,Chinook_Imm.,410.0,750.0
2004-7-31,8085,111,Oncorhynchus_tshawytscha,Chinook_Imm.,465.0,1350.0
2004-7-31,8085,112,Oncorhynchus_tshawytscha,Chinook_Imm.,460.0,1200.0
2004-8-21,8088,34,Theragra_chalcogramma,Walleye_pollock,510.0,1050.0
2004-8-22,8090,1,Oncorhynchus_kisutch,Coho_Adult,390.0,800.0
2004-8-23,8091,5,Sebastes_melanops,Black_rockfish,540.0,3200.0
2004-8-23,8091,6,Squalus_acanthias,Spiny_dogfish,695.0,1850.0
2004-8-23,8091,7,Squalus_acanthias,Spiny_dogfish,680.0,1600.0
2004-8-23,8091,8,Squalus_acanthias,Spiny_dogfish,750.0,2200.0
2004-8-23,8091,9,Squalus_acanthias,Spiny_dogfish,825.0,2950.0
2004-8-23,8091,10,Squalus_acanthias,Spiny_dogfish,760.0,2350.0
2004-8-23,8091,11,Squalus_acanthias,Spiny_dogfish,885.0,4050.0
2004-8-23,8092,7,Squalus_acanthias,Spiny_dogfish,790.0,2560.0
2004-8-23,8092,8,Squalus_acanthias,Spiny_dogfish,840.0,4100.0
2004-8-23,8092,9,Squalus_acanthias,Spiny_dogfish,650.0,1400.0
2004-8-23,8092,10,Squalus_acanthias,Spiny_dogfish,705.0,2100.0
2004-8-23,8092,11,Squalus_acanthias,Spiny_dogfish,785.0,2800.0
2004-8-23,8092,12,Squalus_acanthias,Spiny_dogfish,670.0,1500.0
2004-8-23,8092,13,Squalus_acanthias,Spiny_dogfish,755.0,2150.0
2004-8-23,8092,14,Squalus_acanthias,Spiny_dogfish,645.0,1500.0
2004-8-23,8092,15,Squalus_acanthias,Spiny_dogfish,800.0,3400.0
2004-8-23,8092,16,Squalus_acanthias,Spiny_dogfish,830.0,3150.0
2004-8-23,8092,17,Squalus_acanthias,Spiny_dogfish,840.0,3600.0
2004-8-23,8092,18,Squalus_acanthias,Spiny_dogfish,630.0,1200.0
2004-8-23,8092,19,Squalus_acanthias,Spiny_dogfish,810.0,3200.0
2004-8-23,8092,20,Squalus_acanthias,Spiny_dogfish,710.0,1850.0
2004-8-23,8092,21,Squalus_acanthias,Spiny_dogfish,870.0,4250.0
2004-8-23,8092,22,Squalus_acanthias,Spiny_dogfish,800.0,3300.0
2004-8-23,8092,23,Squalus_acanthias,Spiny_dogfish,695.0,1700.0
2004-8-23,8092,24,Squalus_acanthias,Spiny_dogfish,650.0,1150.0
2004-8-23,8092,25,Squalus_acanthias,Spiny_dogfish,780.0,2600.0
2004-8-23,8092,26,Squalus_acanthias,Spiny_dogfish,620.0,1200.0
2004-8-23,8092,27,Squalus_acanthias,Spiny_dogfish,745.0,2100.0
2004-8-23,8092,28,Squalus_acanthias,Spiny_dogfish,725.0,1950.0
2004-8-23,8092,29,Squalus_acanthias,Spiny_dogfish,705.0,1800.0
2004-8-23,8092,30,Squalus_acanthias,Spiny_dogfish,660.0,1100.0
2004-8-23,8092,31,Squalus_acanthias,Spiny_dogfish,760.0,2400.0
2004-8-23,8092,32,Squalus_acanthias,Spiny_dogfish,605.0,1150.0
2004-8-23,8092,33,Squalus_acanthias,Spiny_dogfish,805.0,3100.0
2004-8-23,8092,34,Squalus_acanthias,Spiny_dogfish,730.0,1950.0
2004-8-23,8092,35,Squalus_acanthias,Spiny_dogfish,675.0,1700.0
2004-8-23,8092,36,Squalus_acanthias,Spiny_dogfish,665.0,1450.0
2004-8-25,8101,21,Oncorhynchus_kisutch,Coho,254.0,195.0
2004-8-25,8101,22,Oncorhynchus_kisutch,Coho,257.0,210.0
2004-8-25,8101,23,Oncorhynchus_kisutch,Coho,263.0,225.0
2004-8-25,8101,24,Oncorhynchus_kisutch,Coho,237.0,150.0
2004-8-25,8101,25,Oncorhynchus_kisutch,Coho,258.0,225.0
2004-8-25,8101,26,Oncorhynchus_kisutch,Coho,205.0,95.0
2004-8-25,8101,27,Oncorhynchus_kisutch,Coho,270.0,215.0
2004-8-25,8101,28,Oncorhynchus_kisutch,Coho,242.0,170.0
2004-8-25,8102,9,Theragra_chalcogramma,Walleye_pollock,425.0,600.0
2004-8-25,8103,11,Oncorhynchus_kisutch,Coho_Adult,560.0,2050.0
2004-8-26,8107,22,Oncorhynchus_kisutch,Coho_Adult,655.0,3550.0
2004-8-26,8109,11,Oncorhynchus_tshawytscha,Chinook_Imm.,440.0,1100.0
2004-8-26,8109,12,Theragra_chalcogramma,Walleye_pollock,395.0,450.0
2004-8-26,8111,32,Oncorhynchus_kisutch,Coho_Adult,730.0,4800.0
2004-8-26,8111,33,Oncorhynchus_tshawytscha,Chinook_Imm.,600.0,2400.0
2004-8-27,8112,41,Theragra_chalcogramma,Walleye_pollock,370.0,300.0
2005-6-21,9016,201,Squalus_acanthias,Spiny_dogfish,730.0,2660.0
2005-6-22,9019,63,Oncorhynchus_tshawytscha,Chinook_Imm.,342.0,590.0
2005-6-23,9023,47,Oncorhynchus_tshawytscha,Chinook_Imm.,431.0,1050.0
2005-6-24,9027,29,Platichthys_stellatus,Starry_flounder,432.0,1050.0
2005-6-25,9031,15,Oncorhynchus_kisutch,Coho_Adult,643.0,3200.0
2005-6-25,9034,23,Oncorhynchus_tshawytscha,Chinook_Imm.,861.0,6800.0
2005-6-28,9039,27,Oncorhynchus_gorbuscha,Pink_Adult,582.0,2300.0
2005-6-29,9042,43,Oncorhynchus_tshawytscha,Chinook_Imm.,420.0,1000.0
2005-6-29,9042,44,Oncorhynchus_tshawytscha,Chinook_Imm.,848.0,7000.0
2005-6-29,9043,299,Oncorhynchus_nerka,Sockeye_Adult,607.0,2650.0
2005-6-30,9044,135,Oncorhynchus_tshawytscha,Chinook_Imm.,615.0,3050.0
2005-6-30,9044,136,Oncorhynchus_tshawytscha,Chinook_Imm.,833.0,8500.0
2005-7-1,9050,59,Oncorhynchus_gorbuscha,Pink_Adult,561.0,2050.0
2005-7-1,9050,60,Oncorhynchus_gorbuscha,Pink_Adult,559.0,2100.0
2005-7-2,9052,58,Oncorhynchus_gorbuscha,Pink_Adult,455.0,1050.0
2005-7-2,9055,62,Oncorhynchus_gorbuscha,Pink_Adult,550.0,1550.0
2005-7-21,9058,10,Oncorhynchus_gorbuscha,Pink_Adult,473.0,1200.0
2005-7-21,9058,11,Oncorhynchus_gorbuscha,Pink_Adult,485.0,1300.0
2005-7-21,9058,12,Squalus_acanthias,Spiny_dogfish,745.0,2200.0
2005-7-21,9059,11,Oncorhynchus_gorbuscha,Pink_Adult,505.0,1600.0
2005-7-21,9059,12,Oncorhynchus_keta,Chum_Adult,702.0,3950.0
2005-7-22,9060,8,Oncorhynchus_gorbuscha,Pink_Adult,465.0,1250.0
2005-7-22,9061,25,Oncorhynchus_gorbuscha,Pink_Adult,470.0,1200.0
2005-7-22,9061,26,Oncorhynchus_gorbuscha,Pink_Adult,545.0,1700.0
2005-7-23,9066,10,Oncorhynchus_gorbuscha,Pink_Adult,498.0,1450.0
2005-7-23,9066,11,Oncorhynchus_gorbuscha,Pink_Adult,555.0,1750.0
2005-7-23,9066,12,Squalus_acanthias,Spiny_dogfish,645.0,1550.0
2005-7-23,9066,13,Squalus_acanthias,Spiny_dogfish,642.0,1450.0
2005-7-23,9066,14,Squalus_acanthias,Spiny_dogfish,540.0,850.0
2005-7-23,9064,9,Squalus_acanthias,Spiny_dogfish,590.0,1200.0
2005-7-23,9064,10,Squalus_acanthias,Spiny_dogfish,490.0,700.0
2005-7-24,9070,1,Squalus_acanthias,Spiny_dogfish,585.0,900.0
2005-7-24,9070,2,Squalus_acanthias,Spiny_dogfish,635.0,1500.0
2005-7-25,9077,21,Oncorhynchus_tshawytscha,Chinook_Imm.,635.0,3150.0
2005-7-27,9082,53,Oncorhynchus_gorbuscha,Pink_Adult,620.0,2750.0
2005-7-27,9082,54,Oncorhynchus_gorbuscha,Pink_Adult,510.0,1490.0
2005-7-27,9082,55,Oncorhynchus_gorbuscha,Pink_Adult,505.0,1250.0
2005-7-27,9085,12,Oncorhynchus_gorbuscha,Pink_Adult,555.0,2050.0
2005-7-27,9085,13,Oncorhynchus_gorbuscha,Pink_Adult,505.0,1350.0
2005-7-27,9085,14,Oncorhynchus_gorbuscha,Pink_Adult,572.0,2000.0
2005-7-27,9085,15,Oncorhynchus_gorbuscha,Pink_Adult,515.0,1750.0
2005-7-29,9091,19,Oncorhynchus_gorbuscha,Pink_Adult,552.0,1750.0
2005-7-29,9091,20,Oncorhynchus_nerka,Sockeye_Adult,647.0,3150.0
2005-7-29,9091,21,Oncorhynchus_keta,Chum_Adult,580.0,2050.0
2005-7-29,9092,14,Oncorhynchus_gorbuscha,Pink_Adult,475.0,1320.0
2005-7-29,9092,15,Oncorhynchus_gorbuscha,Pink_Adult,503.0,1300.0
2005-7-29,9092,16,Oncorhynchus_gorbuscha,Pink_Adult,525.0,1300.0
2005-7-29,9092,17,Oncorhynchus_keta,Chum_Adult,592.0,2400.0
2005-7-29,9092,18,Theragra_chalcogramma,Walleye_pollock,295.0,200.0
2005-7-29,9092,19,Oncorhynchus_gorbuscha,Pink_Adult,450.0,1100.0
2005-7-29,9093,31,Oncorhynchus_tshawytscha,Chinook_Imm.,655.0,3400.0
2005-7-30,9095,31,Oncorhynchus_gorbuscha,Pink_Adult,505.0,1350.0
2005-7-30,9095,32,Oncorhynchus_gorbuscha,Pink_Adult,508.0,1400.0
2005-7-30,9099,12,Oncorhynchus_tshawytscha,Chinook_Imm.,408.0,850.0
2005-7-30,9099,13,Oncorhynchus_gorbuscha,Pink_Adult,554.0,2200.0
2005-7-31,9100,6,Theragra_chalcogramma,Walleye_pollock,318.0,320.0
2005-7-31,9100,7,Oncorhynchus_kisutch,Coho_Adult,608.0,2700.0
2005-7-31,9103,29,Oncorhynchus_tshawytscha,Chinook_Imm.,305.0,400.0
2005-8-24,9106,10,Oncorhynchus_tshawytscha,Chinook_Imm.,530.0,2000.0
2005-8-24,9108,105,Oncorhynchus_keta,Chum_Adult,630.0,3300.0
2005-8-24,9109,30,Oncorhynchus_gorbuscha,Pink_Adult,470.0,1100.0
2005-8-24,9109,31,Oncorhynchus_gorbuscha,Pink_Adult,480.0,1000.0
2005-8-24,9109,32,Oncorhynchus_gorbuscha,Pink_Adult,490.0,1400.0
2006-5-23,10002,1,Oncorhynchus_tshawytscha,Chinook_Imm.,370.0,750.0
2006-5-23,10002,2,Oncorhynchus_tshawytscha,Chinook_Imm.,363.0,650.0
2006-5-23,10002,3,Oncorhynchus_tshawytscha,Chinook_Imm.,410.0,950.0
2006-5-23,10002,4,Oncorhynchus_tshawytscha,Chinook_Imm.,330.0,450.0
2006-5-23,10002,5,Clupea_pallasi,Herring_(Pacific),208.0,145.0
2006-6-22,10014,1,Oncorhynchus_tshawytscha,Chinook_Imm.,300.0,375.0
2006-6-22,10015,224,Oncorhynchus_keta,Chum_1_Ocean,350.0,650.0
2006-6-22,10016,180,Theragra_chalcogramma,Walleye_pollock,485.0,990.0
2006-6-22,10016,181,Theragra_chalcogramma,Walleye_pollock,502.0,820.0
2006-6-22,10016,182,Theragra_chalcogramma,Walleye_pollock,482.0,825.0
2006-6-22,10016,183,Theragra_chalcogramma,Walleye_pollock,525.0,1050.0
2006-6-22,10017,1,Platichthys_stellatus,Starry_flounder,305.0,250.0
2006-6-22,10017,43,Oncorhynchus_gorbuscha,Pink_Adult,580.0,2600.0
2006-6-22,10017,44,Oncorhynchus_tshawytscha,Chinook_Imm.,370.0,650.0
2006-6-23,10018,75,Platichthys_stellatus,Starry_flounder,450.0,1150.0
2006-6-24,10023,307,Oncorhynchus_keta,Chum_Adult,695.0,4500.0
2006-6-24,10023,308,Oncorhynchus_tshawytscha,Chinook_Imm.,470.0,1400.0
2006-6-24,10025,427,Oncorhynchus_tshawytscha,Chinook_Imm.,585.0,2600.0
2006-6-25,10026,537,Platichthys_stellatus,Starry_flounder,320.0,550.0
2006-6-25,10026,538,Platichthys_stellatus,Starry_flounder,225.0,150.0
2006-6-25,10029,200,Oncorhynchus_tshawytscha,Chinook_Imm.,615.0,3000.0
2006-6-29,10031,13,Oncorhynchus_tshawytscha,Chinook_Imm.,300.0,350.0
2006-6-29,10031,14,Oncorhynchus_tshawytscha,Chinook_Imm.,375.0,675.0
2006-6-29,10031,15,Sebastes_ciliatus,Dusky_rockfish,280.0,350.0
2006-6-29,10032,13,Oncorhynchus_tshawytscha,Chinook_Imm.,375.0,650.0
2006-6-29,10034,70,Oncorhynchus_gorbuscha,Pink_Adult,475.0,1400.0
2006-6-29,10035,6,Oncorhynchus_tshawytscha,Chinook_Imm.,390.0,700.0
2006-6-29,10035,7,Oncorhynchus_tshawytscha,Chinook_Imm.,385.0,650.0
2006-6-29,10037,26,Oncorhynchus_gorbuscha,Pink_Adult,522.0,1950.0
2006-6-30,10039,97,Oncorhynchus_kisutch,Coho_Adult,490.0,1350.0
2006-6-30,10038,605,Theragra_chalcogramma,Walleye_pollock,308.0,200.0
2006-7-1,10045,204,Oncorhynchus_gorbuscha,Pink_Adult,615.0,3050.0
2006-7-1,10045,205,Oncorhynchus_gorbuscha,Pink_Adult,512.0,1750.0
2006-7-1,10045,206,Oncorhynchus_gorbuscha,Pink_Adult,595.0,2700.0
2006-7-1,10043,137,Oncorhynchus_tshawytscha,Chinook_Imm.,380.0,750.0
2006-7-1,10042,10,Oncorhynchus_tshawytscha,Chinook_Imm.,395.0,720.0
2006-7-1,10042,11,Oncorhynchus_keta,Chum_Adult,695.0,4400.0
2006-7-2,10049,79,Oncorhynchus_keta,Chum_Adult,645.0,3400.0
2006-7-21,10059,23,Oncorhynchus_tshawytscha,Chinook_Imm.,393.0,850.0
2006-7-21,10061,100,Squalus_acanthias,Spiny_dogfish,570.0,1050.0
2006-7-21,10062,53,Oncorhynchus_keta,Chum_Adult,790.0,6000.0
2006-7-21,10063,66,Squalus_acanthias,Spiny_dogfish,595.0,1120.0
2006-7-22,10051,22,Oncorhynchus_nerka,Sockeye_Adult,571.0,2050.0
2006-7-23,10058,106,Oncorhynchus_gorbuscha,Pink_Adult,560.0,2100.0
2006-7-24,10064,15,Oncorhynchus_tshawytscha,Chinook_Imm.,895.0,5200.0
2006-7-25,10070,23,Oncorhynchus_gorbuscha,Pink_Adult,525.0,1750.0
2006-7-25,10070,24,Oncorhynchus_keta,Chum_Adult,708.0,4700.0
2006-7-25,10070,27,Squalus_acanthias,Spiny_dogfish,744.0,2200.0
2006-7-25,10069,81,Squalus_acanthias,Spiny_dogfish,615.0,1300.0
2006-7-25,10069,82,Squalus_acanthias,Spiny_dogfish,595.0,1350.0
2006-7-25,10069,83,Squalus_acanthias,Spiny_dogfish,600.0,1000.0
2006-7-25,10069,84,Squalus_acanthias,Spiny_dogfish,650.0,1600.0
2006-7-25,10069,85,Squalus_acanthias,Spiny_dogfish,545.0,850.0
2006-7-25,10069,86,Squalus_acanthias,Spiny_dogfish,610.0,1200.0
2006-7-25,10069,87,Squalus_acanthias,Spiny_dogfish,590.0,1250.0
2006-7-25,10069,88,Squalus_acanthias,Spiny_dogfish,570.0,950.0
2006-7-25,10069,89,Squalus_acanthias,Spiny_dogfish,630.0,1350.0
2006-7-25,10069,90,Squalus_acanthias,Spiny_dogfish,635.0,1500.0
2006-7-25,10069,91,Squalus_acanthias,Spiny_dogfish,595.0,1300.0
2006-7-25,10069,92,Squalus_acanthias,Spiny_dogfish,500.0,550.0
2006-7-25,10069,93,Squalus_acanthias,Spiny_dogfish,465.0,550.0
2006-7-25,10068,23,Squalus_acanthias,Spiny_dogfish,653.0,1550.0
2006-7-25,10068,24,Squalus_acanthias,Spiny_dogfish,660.0,1650.0
2006-7-25,10068,25,Squalus_acanthias,Spiny_dogfish,530.0,1000.0
2006-7-25,10068,26,Squalus_acanthias,Spiny_dogfish,610.0,1250.0
2006-7-25,10068,27,Squalus_acanthias,Spiny_dogfish,560.0,1050.0
2006-7-27,10073,1,Oncorhynchus_tshawytscha,Chinook_Imm.,330.0,450.0
2006-7-27,10073,2,Oncorhynchus_tshawytscha,Chinook_Imm.,332.0,450.0
2006-7-27,10073,3,Oncorhynchus_tshawytscha,Chinook_Imm.,325.0,420.0
2006-7-28,10077,132,Oncorhynchus_kisutch,Coho_Adult,644.0,1150.0
2006-7-28,10077,133,Oncorhynchus_kisutch,Coho_Adult,645.0,3020.0
2006-7-28,10077,134,Oncorhynchus_tshawytscha,Chinook_Imm.,402.0,850.0
2006-7-28,10077,135,Oncorhynchus_tshawytscha,Chinook_Imm.,485.0,1600.0
2006-7-28,10079,6,Oncorhynchus_gorbuscha,Pink_Adult,502.0,1400.0
2006-7-28,10079,7,Oncorhynchus_tshawytscha,Chinook_Imm.,375.0,650.0
2006-7-28,10079,8,Oncorhynchus_tshawytscha,Chinook_Imm.,440.0,1050.0
2006-7-29,10083,258,Oncorhynchus_kisutch,Coho_Adult,565.0,2350.0
2006-7-29,10082,112,Merluccius_productus,Pacific_hake,570.0,1050.0
2006-7-29,10081,12,Oncorhynchus_gorbuscha,Pink_Adult,525.0,1600.0
2006-7-29,10081,13,Oncorhynchus_tshawytscha,Chinook_Imm.,525.0,2100.0
2006-7-29,10075,14,Oncorhynchus_kisutch,Coho_Adult,655.0,3050.0
2006-7-30,10085,17,Oncorhynchus_tshawytscha,Chinook_Imm.,472.0,1375.0
2006-7-31,10088,27,Oncorhynchus_tshawytscha,Chinook_Imm.,442.0,1400.0
2006-7-31,10090,34,Oncorhynchus_tshawytscha,Chinook_Imm.,563.0,2300.0
2006-7-31,10090,35,Oncorhynchus_tshawytscha,Chinook_Imm.,459.0,1150.0
2006-7-31,10091,75,Oncorhynchus_kisutch,Coho_Adult,585.0,2250.0
